sorting_criteria,post_ID,designer,design_team,view_count,save_count,like_count,comment_count,tags
following,27245208,squaresoulagency,,,21,21,15,"['playing 11', 'gaming club', 'school basketball', 'basket ball tournament', 'hoops', 'basketball club website', 'web design', 'website design', 'club website', 'basket ball club', 'club', 'game', 'play', 'basket ball']"
following,27244825,fireart-uiux,Fireart-d,,2,24,7,"['modern', 'stylish', 'typography', 'composition', 'layout', 'studio', 'agency', 'branding', 'landing', 'page', 'web', 'clean', 'fireart', 'ux', 'ui']"
following,27244788,dmitrymoi,,"1,303",1,7,1,"['artemis', '2dart', 'astronaut', 'space', 'moon', 'character', 'art', 'illustration']"
following,27219218,oliviafayeco,,981,0,5,0,"['vet', 'dog breed', 'pet', 'dog portrait', 'dog', 'illustrator', 'procreate', 'hand drawn', 'design', 'illustration']"
following,27244499,OlexandrBYSHIVA,,"1,934",1,40,3,"['bold', 'minimalism', 'night', 'temple', 'chinese', 'china', 'landing', 'uidesign', 'webdesign', '3d', 'animation', 'ui']"
following,27244268,rokasaleliunas,,"1,529",0,5,0,"['graphic illustration', 'graphic design', 'sticker illustration', 'cover illustration', 'cover', 'editorial illustration', 'editorial', 'sticker', 'vector illustration', 'vector', 'horse illustration', 'horse', 'bo jack', 'design', 'illustration']"
following,27244260,rokasaleliunas,,"1,308",0,4,0,"['branding illustration', 'blog illustration', 'commercial illustration', 'editorial', 'editorial illustration', 'vector illustration', 'abstrct vector', 'suit', 'man illustration', 'man portrait', 'abstract portrait', 'design', 'lines', 'poster', 'laconic', 'illustration', 'composition', 'abstract', 'minimal']"
following,27243370,Nixtio,,"13,586",50,187,45,"['real estate design', 'interface design', 'premium design', 'product design', 'digital design', 'minimal design', 'design inspiration', 'creative design', 'web ui', 'modern design', 'ui ux design', 'property', 'luxury design', 'architecture', 'landing page', 'ui ux', 'website ui', 'real estate', 'web design']"
following,27243781,UIX-Maruf,,,38,78,51,"['business app', 'mobile', 'money management', 'web', 'app interface', 'investment club app', 'clean design', 'investment app', 'club app', 'mobile app design', 'wealth management', 'uxdesign', 'praivate mobile app', 'best ui', 'investor mobile app', 'portfollio tracker', 'investment', 'app concept', 'praivate investment', 'mobile app']"
following,27242855,purrwebui,,"7,599",1,149,39,"['android', 'ios', 'mobile app', 'finance app', 'app design', 'planing app', 'investment', 'assistant', 'chatbot', 'ai app', 'ai', 'fintech', 'finance', 'dashboard design', 'dashboard', 'mobile', 'app', 'design', 'ui', 'ux']"
following,27243514,xinyanart,,"4,267",0,15,5,"['nature', 'sustainable', 'organic', 'harvest', 'farm', 'travel', 'web', 'agriculture', 'environment', 'landscape illustration', 'illustration']"
following,27243406,Kirill_Soliar,solar-digital,"1,278",1,15,6,"['branding', 'web developement', 'property', 'real estate', 'ai platform', 'ai management', 'property investment', 'property analytics', 'real estate agent', 'property management', 'dashboard design', 'mobile app design', 'web design', 'real estate dashboard', 'property app', 'real estate app', 'ux design', 'ui design', 'real estate platform', 'real estate website']"
following,27243377,Ovcharka,,"6,516",15,55,4,"['design', 'visual identity', 'drink packaging', 'food branding', 'illustration', 'graphic design', 'retro design', 'packaging', 'brand identity', 'branding', 'beverage design', 'craft soda', 'soda label', 'label design', 'packaging design']"
following,27243283,AndriiKovalchuk,,"3,883",0,46,6,"['startup', 'saas logo', 'startup logo', 'animal logo', 'brandingdesigner', 'branddesigner', 'brand design', 'branding designer', 'brand designer', 'logo designer', 'logodesign', 'logo design', 'dog logo', 'dog', 'bulldog logo', 'bulldog', 'brand', 'branding', 'logotype', 'logo']"
following,27243205,theosm,,"10,956",8,73,25,"['figma', 'framer', 'landing page designer', 'dribbble', 'minimal', 'web', 'website', 'ux design', 'ui design', 'website design', 'landing page design', 'ui designer', 'animation', 'landing page', 'ux', 'ui', 'theosm', 'india', 'designer', 'design']"
following,27242322,emoteagency,,,11,61,20,"['fintech', 'analytics', 'app', 'mobile', 'application design', 'mobile first', 'clean ui', 'modern ui', 'data visualization', 'product design', 'finance app', 'ux design', 'ui design', 'mobile design', 'mobile app', 'saas', 'accounting app', 'fintech app', 'animation', 'ui']"
following,27239993,Skillinedesignco,,"4,768",1,34,0,"['badge', 'apparel', 'graphic design', 'branding', 'illustration', 'tournament design', 'sports identity', 'bold branding', 'graphic tee design', 'basketball merch', 'sports merch', 'team apparel', 'dynamic logo', 'bold typography', 'streetwear graphic', 'athletic branding', 'vintage basketball', 'retro sports', 'sports design', 'basketball graphic']"
following,27242284,Dtailstudio,,"1,640",0,4,0,"['product designer', 'saas designer', 'web design studio', 'top creative', 'dribbble select', 'top teams', 'best agencies', 'client reviews', 'brand identity', 'product design', 'designer', 'design studio', 'creative agency', 'design agency']"
following,27242277,OlexandrBYSHIVA,,,0,25,5,"['nft', 'smm', 'agency', 'mobile', 'poster', 'typography', 'bold', 'crypto', 'landing', 'uidesign', 'creativedesign', 'webdesign', 'ui']"
following,27242270,Dtailstudio,,887,0,8,3,"['scaleup', 'startup', 'admin', 'blockchain', 'data visualization', 'data visualisation', 'saas web design', 'ux', 'ui', 'illustration', 'animation', 'graphic design', 'kpis', 'kpi', 'dashboard', 'platform dashboard', 'platform', 'product design', 'product']"
following,27242215,Dtailstudio,,,1,11,0,"['fintech', 'kpis', 'kpi', 'dashboards', 'mobile app design', 'app design', 'saas web design', 'web design', 'saas', 'ai', 'product design', 'product']"
following,27242020,Dtailstudio,,"1,623",0,14,0,"['merch', 'collaterals', 'brand applications', 'pitch deck', 'sales deck', 'deck design', 'marketing materials', 'brand visuals', 'brand system', 'brand identity', 'branding', 'logotype', 'logo']"
following,27242127,squaresouluiux,squaresoulagency,,35,45,22,"['ux design', 'ui design', 'child gym', 'gym website', 'infant gym', 'web design', 'website design', 'kinder garten', 'kids website', 'gym', 'kid gym']"
following,27198660,Dtailstudio,,,0,10,0,"['animation', 'ui', 'motion graphics', 'mobile', 'app', 'kpi', 'platform', 'platform design', 'ai', 'redesign', 'dashboard', 'product design', 'web design', 'logo', 'branding', 'graphic design']"
following,27241811,fireart-uiux,Fireart-d,"12,124",3,59,15,"['gradient', 'blue', 'treat', 'medical', 'clinic', 'track', 'manage', 'pet', 'chart', 'design', 'app', 'clean', 'fireart', 'ux', 'ui']"
following,27241647,Kirill_Soliar,solar-digital,,1,21,7,"['home screen', 'startup design', 'ios app', 'app design', 'mobile app', 'mobile interface', 'ai management', 'property', 'real estate', 'ai investment', 'real estate app', 'property investment', 'property analytics', 'ai product', 'ai design', 'property management', 'real estate agent', 'ux design', 'ui design', 'mobile app design']"
following,27219215,oliviafayeco,,,0,9,1,"['type', 'mom', 'hand lettering', 'lettering', 'motherhood', 'illustrator', 'procreate', 'hand drawn', 'design', 'illustration']"
following,27241594,OlexandrBYSHIVA,,"4,530",2,60,13,"['minimalism', 'animation', 'e commerce', 'furniture', 'landing', 'uidesign', 'webdesign', 'ui']"
following,27218544,gradienta,,"14,963",41,169,37,"['modern dashboard', 'travel app ui', 'digital clock ui', 'minimal design', 'ui design', 'app inspiration', 'timezone dashboard', 'global time app', 'productivity app', 'mobile ux', 'ux design', 'modern app design', 'time tracking app', 'dashboard ui', 'clean interface', 'minimal ui', 'mobile ui design', 'time zone app', 'clock app design', 'world clock app']"
following,27240038,Nixtio,,,54,220,74,"['design system', 'interface design', 'modern design', 'ui inspiration', 'analytics', 'digital product', 'startup design', 'ios design', 'user interface', 'app design', 'product design', 'ux design', 'dashboard ui', 'mobile ui', 'finance app', 'banking app', 'ui ux design', 'app ui', 'fintech', 'mobile app design']"
following,27239735,UIX-Maruf,,"8,902",22,138,101,"['ai video generator', 'editing video', 'ai image generator', 'timeline editor', 'video creator app', 'content creation app', 'social media editing', 'web', 'video generator', 'smart ai video maker', 'generative ai', 'dark design', 'create stunning ai videos app', 'reels app', 'mobile app design', 'text to video ai mobile app', 'ai text to video', 'ai powered app', 'ai video app', 'mobile app']"
following,27240221,xinyanart,,,0,16,4,"['landscape illustration', 'environment', 'farm', 'healthy living', 'vegetables', 'sustainable', 'organic food', 'illustration']"
following,27240161,Gulshanmazher,,"7,487",1,5,0,"['feshion', 'figma', 'modern web design', 'ui', 'uiux', 'luxury website', 'web app', 'landing page', 'website', 'graphic design', 'ui design', 'web']"
following,27237019,NixtioBranding,Nixtio,"20,305",49,217,54,"['green brand', 'startup brand', 'sustainable design', 'ecobrand', 'modern logo', 'minimal logo', 'packaging', 'brand design', 'visual identity', 'logo', 'food brand', 'organic', 'agritech', 'agriculture', 'brand identity', 'logo design', 'branding']"
following,27239967,Skillinedesignco,,"4,105",2,36,1,"['retro typography', 'badge design', 'heritage branding', 'minimal illustration', 'golf merch', 'classic sports design', 'vintage logo', 'apparel graphic', 'logo badge', 'retro badge', 'golf illustration', 'vector', 'design', 'logo', 'badge', 'apparel', 'graphic design', 'branding', 'illustration', 'vintage golf']"
following,27232406,stan_h,Dtailstudio,"3,158",1,225,4,"['bento cards', 'redesign', 'tech', 'startup', 'product page', 'analytics', 'dark ui', 'modern design', 'interaction design', 'user interface', 'interface', 'website', 'web design', 'web app', 'dashboard', 'case study', 'product design', 'ux design', 'ui design', 'saas']"
following,27239462,purrwebui,,,3,146,39,"['app interface', 'customer support', 'app design', 'mobile ui', 'mobile app', 'support app', 'assistant', 'chatbot', 'ai app', 'ai', 'android', 'ios', 'dashboard design', 'dashboard', 'mobile', 'app', 'design', 'ux', 'ui']"
following,27237978,emoteagency,,"11,694",15,79,34,"['app', 'application design', 'product design', 'saas design', 'app concept', 'mobile ui', 'personal finance', 'smart finance', 'data visualization', 'financial analytics', 'budgeting app', 'ux design', 'ui design', 'mobile app', 'ai assistant', 'ai app', 'fintech', 'finance app', 'animation', 'ui']"
following,27239259,AndriiKovalchuk,,"8,355",0,51,3,"['startup', 'startup logo', 'branding designer', 'branding design', 'brand designer', 'brand design', 'negative space logo', 'negative space', 'logodesigner', 'logo designer', 'logodesign', 'logo design', 'dog logo', 'dog', 'bulldog logo', 'bulldog', 'brand', 'branding', 'logotype', 'logo']"
following,27223351,uitamal,,"5,044",3,72,56,"['ecommerce', 'ai saas website', 'ecommerce landing page', 'packaging', 'typography', 'ecommerce website', 'luxury ecommerce', 'e commerce', 'web', 'landingpage', 'interactiondesign', 'cleandesign', 'uiux', 'boldtypography', 'minimalist', 'webdesign', 'saas landing page']"
following,27238361,adamhmwn,slabpixel,"8,644",3,51,23,"['motion graphics', 'website development', 'website', 'landing page', 'web design', 'interior design', 'ai interior', 'artificial intelligence', 'ai', 'framer animation', 'framer', 'animation', 'ui']"
following,27238235,OlexandrBYSHIVA,,"8,222",0,29,7,"['landing', 'branding', 'minimalism', 'agriculture', 'drones', 'design', 'uidesign', 'webdesign', 'ui']"
following,27238129,OlexandrBYSHIVA,,"13,290",2,61,15,"['smm', 'studio', 'webdesign', 'web', 'animation', 'ui']"
following,27238052,Gulshanmazher,,,0,7,1,"['clean design', 'ai platform', 'brand identity', 'branding', 'ui', 'xd', 'figma', 'modern design', 'motion graphics', 'graphic design', 'ux', 'ui design', 'website', 'web', 'landing page']"
following,27219214,oliviafayeco,,"11,297",0,11,0,"['fast food', 'drink', 'tomato', 'restaurant', 'mural', 'food', 'procreate', 'hand drawn', 'design', 'illustration']"
following,27109543,ui_migulko,emoteagency,"29,487",16,153,66,"['branding', 'innovation', 'digital', 'application', 'corporate', 'software', 'tech', 'uidesign', 'webdesign', 'platform', 'risk', 'b2b', 'saas', 'enterprise', 'cybersecurity', 'compliance', 'governance', 'nocode', 'lowcode', 'security']"
following,27237043,rokasaleliunas,,721,0,10,1,"['vector illustration', 'vector', 'artwork', 'pop art', 'commercial illustration', 'editorial illustration', 'editorial', 'woman illustration', 'woman', 'fashion illustration', 'fashion', 'book cover', 'cover', 'design', 'poster', 'illustration', 'composition', 'abstract', 'minimal']"
following,27236942,Nixtio,,,51,228,82,"['game app', 'character design', 'ui inspiration', 'digital product', 'startup design', 'ios design', 'user interface', 'app design', 'leader board', 'user engagement', 'product design', 'ux design', 'mobile ui', 'avatar design', 'game ui', 'gamification', 'ui ux design', 'app ui', 'mobile app design']"
following,27236921,xinyanart,,"12,161",5,34,8,"['cow', 'farm', 'village', 'ecology', 'adventure', 'travel', 'web', 'environment', 'landscape illustration', 'illustration']"
following,27235304,UIX-Maruf,,,11,132,99,"['zero sugar drinks', 'mobile app design', 'vegetable app', 'web', 'meat delivery app', 'energydrink', 'grocery delivery', 'snacks', 'juice app', 'soft drinks mobile app', 'fruites', 'beverage app', 'supermarket app', 'snack app', 'grocery delivery app', 'healthy drinks', 'chips app', 'healthy beverage app', 'drink app', 'mobile app']"
popular,27243940,contrast8,,,1,95,40,"['modern', 'mark', 'identity', 'symbol', 'logo collection', 'startup logo', 'tech logo', 'abstract logo', 'modern logo', 'branding', 'logo', 'logo design', 'logofolio']"
popular,27243370,Nixtio,,"13,789",50,188,45,"['real estate design', 'interface design', 'premium design', 'product design', 'digital design', 'minimal design', 'design inspiration', 'creative design', 'web ui', 'modern design', 'ui ux design', 'property', 'luxury design', 'architecture', 'landing page', 'ui ux', 'website ui', 'real estate', 'web design']"
popular,27243391,ErikPadamans,,"19,728",71,265,89,"['b2b saas landing page', 'conversion focused design', 'enterprise saas design', 'conversion focused landing', 'product landing', 'product website', 'modern landing', 'saas landing page', 'landing page design', 'saas web design', 'converting landing page', 'ai tool landing page', 'startup landing', 'startup design', 'saas landing', 'saas website', 'analytics platform ui', 'saas landing page design', 'landing page', 'analytics platform']"
popular,27243419,jeroenvaneerden,,"12,912",0,76,19,"['illustration', 'jeroen van eerden', 'freelance logo', 'visual identity design', 'brand identity design', 'ai', 'creative logo', 'minimal logo design', 'cute', 'animal logo', 'animal', 'owl', 'branding', 'logo', 'hootly']"
popular,27186249,shakuro,,"136,258",41,224,63,"['deep learning', 'ai powered design', 'text to image ai', 'creative technology', 'technology platform', 'ai', 'neural ai', 'chat ai', 'chat', 'animation', 'web design', 'ai asisstant', 'ai model', 'visual ai', 'ai creativity', 'creative ai', 'art', 'artificial intelligence', 'stability', 'stability ai']"
popular,27228856,studioMUTI,,"4,794",2,30,5,"['juice', 'groceries', 'burger', 'delivery', 'fresh', 'food', 'movement', 'motiongraphics', 'motion', 'animation', 'aftereffects', 'adobe', 'illustrator', 'muti']"
popular,27205377,damianthebear,,"6,816",3,38,9,"['lips', 'mouth', 'moon', 'sun', 'alien', 'head', 'hot dog', 'bear', 'frog', 'fish', 'tiger', 'stickers', 'sticker sheet', 'sticker', 'graphic design', 'branding', 'logo', 'icon', 'illustration', 'design']"
popular,27243936,haloweb,halolab,"10,031",11,91,28,"['service', 'product', 'startup', 'design', 'ux', 'interface', 'web', 'ui', 'website']"
popular,27243233,MihaiDolganiuc,,"14,112",0,75,21,"['tech', 'web3', 'saas', 'modern', 'ios', 'app', 'mobile', 'learn', 'graphic design', 'type', 'custom', 'wordmark', 'logotype', 'illustration', 'poster', 'mihai dolganiuc design', 'branding', 'brand identity']"
popular,27176287,KreativaStudio,,,16,84,25,"['kreativa', 'magnet', 'web design', 'illustration', 'homepage', 'website', 'ux', 'ui']"
popular,27243619,george-bokhua,,"5,721",1,57,8,"['ui', 'branding', 'milash', 'illustration', 'design', 'logotype', 'identity', 'symbol', 'mark', 'logo']"
popular,27244762,trinitiff,,"4,951",2,19,2,"['biotech', 'hexagon', 'abstract', 'tech', 'health', 'modern', 'simple', 'logo']"
popular,27243269,RaduLucian,,"11,163",0,86,18,"['kids', 'icon', 'beef', 'animal', 'cartoon', 'mascot', 'farm', 'bull', 'cow', 'illustration', 'symbol', 'branding', 'design', 'vector', 'mark', 'identity', 'logo']"
popular,27242855,purrwebui,,"7,716",1,149,39,"['android', 'ios', 'mobile app', 'finance app', 'app design', 'planing app', 'investment', 'assistant', 'chatbot', 'ai app', 'ai', 'fintech', 'finance', 'dashboard design', 'dashboard', 'mobile', 'app', 'design', 'ui', 'ux']"
popular,26824916,shakuro,,,150,461,43,"['parallax', 'realestate ui', 'listing website', 'realestate services', 'realestate company', 'realestate investment', 'estate ui', 'realestate web', 'estate web', 'realestate website', 'estate company', 'web', 'real estate web design', 'rental platform', 'property booking', 'real estate', 'estate', 'real', 'realestate', 'real estate website']"
popular,27245015,fulcrum_design,,"8,626",21,60,28,"['futuristic ui design', 'artificial intelligence ui', 'personal ai assistant', 'smart workspace', 'conversational interface', 'ai voice assistant', 'ai avatar', 'ai platform design', 'chatbot agent ai', 'saas product', 'ai voice agent', 'character animation', 'dark mode website', 'ai task management', 'task management website', 'virtual assistant', 'ai agent website', 'ai agent chat ui', 'ai chatbot software', 'ai website saas']"
popular,27195898,Folio,,"6,268",0,25,3,"['character', 'editorial', 'folioart', 'digital', 'illustration']"
popular,27244538,Tubik,,,2,39,18,"['gamified app', 'gaming', 'illustration', 'graphic design', 'design', 'design studio', 'ui', 'ux', 'app', 'app design', 'ios', 'mobile app', 'mobile']"
popular,27244467,ozmoweb,,"2,745",6,39,14,"['startup app', 'minimal design', 'clean ui', 'cooking experience', 'food tech', 'personalization', 'generative ai', 'ai video', 'smart assistant', 'ios app', 'app design', 'product design', 'ux design', 'ui design', 'mobile app design', 'food app', 'cooking app', 'recipe app', 'artificial intelligence', 'ai']"
popular,27244381,dipabranding,dipainhouse,"6,513",8,54,11,"['b2b automotive', 'electronic', 'dipa inhouse', 'modern design', 'clean', 'automotive', 'logo app', 'logo type', 'logo design', 'logo icon', 'logo', 'visual identity', 'visual design', 'branding concept', 'branding', 'animate', 'saas', 'startup', 'b2b']"
popular,27244885,smiDOT,,"2,548",0,31,8,"['software', 'icon', 'symbol', 'clean', 'bold', 'minimal', 'modern', 'logo wordmark', 'logo design', 'logo', 'visual identity', 'brand system', 'brand identity', 'brand design', 'branding', 'digital design', 'ux', 'ui', 'product design', 'app icon']"
popular,27242513,AlexTass,,"12,236",1,93,21,"['technology', 'tech', 'it consulting', 'components', 'libraries', 'tools', 'cloud', 'prism', 'c', 'p', 'development', 'modern', 'logo design', 'logo', 'emerging incubator', 'web technologies', 'saas', 'cloud computing', 'folder', 'open']"
popular,27244132,ilias-miah,,"7,186",89,127,11,"['startup', 'service', 'interface', 'web', 'product', 'ux', 'ui']"
popular,27243377,Ovcharka,,"6,647",15,56,4,"['design', 'visual identity', 'drink packaging', 'food branding', 'illustration', 'graphic design', 'retro design', 'packaging', 'brand identity', 'branding', 'beverage design', 'craft soda', 'soda label', 'label design', 'packaging design']"
popular,27243205,theosm,,"11,052",8,73,25,"['figma', 'framer', 'landing page designer', 'dribbble', 'minimal', 'web', 'website', 'ux design', 'ui design', 'website design', 'landing page design', 'ui designer', 'animation', 'landing page', 'ux', 'ui', 'theosm', 'india', 'designer', 'design']"
popular,27210613,ronasit,,"14,683",9,224,37,"['travel tech', 'mobile application', 'booking app', 'document vault ui', 'map interface design', 'trip management', 'mobile ui', 'travel timeline ui', 'itinerary planner', 'custom mobile development', 'travel mobile app', 'mobile app design']"
popular,27244332,phenomenonbranding,phenomenonstudio,"13,335",19,148,28,"['construction branding', 'modern brand identity', 'agencia de branding', 'school brand', 'graphic design', 'edtech', 'agency brand identity', 'branding agency', 'brand presentation', 'branding package guide', 'logo', 'brand identity', 'visual identity', 'private school website design', 'education logo', 'education branding', 'education icon', 'academy logo', 'animation', 'phenomenon studio']"
popular,27244961,GeexArts,,"1,353",3,65,7,"['sistem', 'code', 'weather', 'social', 'stat', 'analytics', 'os', 'ai', 'data', 'voice', 'illustration', 'design', 'iphone', 'ios', 'mobile', 'homepage', 'dashboard', 'interface']"
popular,27243109,jack-ux-ui-design,RonDesignLab,"7,495",34,103,45,"['product', 'interface', 'software', 'b2b', 'app design', 'web app design', 'web app', 'business', 'automation', 'ai', 'workflow', 'admin', 'dashboard', 'saas', 'crm', 'design', 'mobile', 'ux', 'ui', 'app']"
popular,27245016,cpuentes23,,741,0,10,1,"['cartoon', 'animal', 'wolf brand', 'cpuentes', 'vector', 'blue', 'clean', 'modern logo', 'animal mark', 'mascot logo', 'character design', 'animal logo', 'wolf logo', 'character logo', 'branding', 'identity', 'cute', 'icon', 'illustration', 'logo']"
popular,27081508,alexgilev,,"156,780",17,48,2,"['design system', 'development', 'retro', 'design', 'minimal', 'dashboard', 'web app', 'software', 'artificial intelligence', 'ai', 'agents', 'agentic', 'brand', 'identity', 'animation', '3d', 'branding', 'logo', 'graphic design', 'ui']"
popular,27242276,mahfuzulnabil,yscalestudio,"9,786",54,133,87,"['talent hiring', 'ai talent hiring', 'ai', 'saas', 'web ui', 'simple', 'web designer', 'saas website design', 'web design', 'website', 'ai recruitment', 'ai hiring', 'recruitment', 'recruitment website', 'hiring', 'hiring website', 'website design', 'ai saas website', 'saas website']"
popular,27244097,nik_sachuk,pocolo,"3,352",7,38,16,"['product design', 'interface', 'pastel', 'modern ui', 'user experience', 'photo app', 'memorial', 'memory app', 'pet app', 'emotional design', 'soft ui', 'minimal', 'clean ui', 'ios app', 'ux design', 'ui design', 'app design', 'mobile app', 'onboarding ui', 'onboarding']"
popular,27243569,Volorf,,"5,063",1,16,2,"['pull to update', 'slider', 'ui animation', 'interaction design', 'microinteractions', 'animation', 'ux', 'ui']"
popular,27244053,rifathbinlutfur,,"4,856",34,88,52,"['rifath', 'saas website', 'fintech saas', 'web design', 'web', 'landing page', 'product design', 'fintech', 'invoice', 'ux', 'ui', 'saas']"
popular,27230103,jordanhughes,,"2,209",3,22,4,"['menu', 'navigation', 'nav manu', 'side nav', 'sidebar', 'product design', 'ui design']"
popular,27243392,dainogo,,"6,570",0,42,3,"['logo design', 'creative logos', 'minimal logo', 'shield logo', 'fish logo', 'bird logo', 'animal logos', 'red logos', 'bold logo design', 'simple logo', 'modern logo', 'branding design', 'animal logo', 'logo inspiration', 'minimal logo design', 'red animal logo']"
popular,27243001,antoniuk11,,"3,943",16,62,13,"['dapp', 'blockchain', 'cryptocurrency', 'ux', 'сrypto ui', 'challenge', 'funding', 'account overview', 'chart', 'trading ui', 'prop firm', 'fintech ui', 'saas design', 'data visualization', 'product design', 'finance ui', 'trading platform', 'dashboard ui', 'trading dashboard', 'fintech design']"
popular,27244788,dmitrymoi,,"1,441",1,7,1,"['artemis', '2dart', 'astronaut', 'space', 'moon', 'character', 'art', 'illustration']"
popular,27133554,fulcrum_design,,"201,225",41,315,86,"['medical branding', 'laboratory application', 'laboratory design', 'laboratory branding', 'science landing page', 'science analytics', 'biology platform', 'biology web design', 'pharmacy data visualization', 'pharmacy application', 'pharmacy branding', 'medical data visualization', 'health tech logo', 'health tech ui design', 'scientific dashboard', 'biotech web design', 'molecular visualization', 'scientific interface', 'molecule design', 'biotech branding']"
popular,27243590,habitat_ux,habitat_cc,"2,441",8,40,4,"['ux design', 'ui design', 'information architecture', 'design systems', 'workflow design', 'ai product', 'b2b', 'saas', 'product design', 'animation', 'figma', 'user experience', 'user interface', 'design', 'ux', 'ui']"
popular,27242632,glebich,,"5,242",1,45,7,"['logo', 'brand', 'branding', 'c4d', '3d', 'cgi', 'cyber', 'rock', 'punk', 'silver', 'silverhand', 'hand', 'glasses', 'cyberpunk']"
popular,27244400,shunte88dbl,,"2,557",0,13,0,"['champagne', 'ladies', 'debonair', 'noise', 'illustration', 'vector', 'shunte88']"
popular,27243283,AndriiKovalchuk,,"3,974",0,47,6,"['startup', 'saas logo', 'startup logo', 'animal logo', 'brandingdesigner', 'branddesigner', 'brand design', 'branding designer', 'brand designer', 'logo designer', 'logodesign', 'logo design', 'dog logo', 'dog', 'bulldog logo', 'bulldog', 'brand', 'branding', 'logotype', 'logo']"
popular,27243778,Ahmedcreatives,,,1,39,5,"['growth logo', 'enterprise logo', 'startup logo', 'branding', 'fintech logo', 'abstract logo', 'analytics logo', 'agent logo', 'automation logo', 'saas logo', 'web logo', 'ai logo', 'data logo', 'gradient logo', 'growth', 'v logo', 'bold logo', 'workflow logo', 'brand design', 'minimal logo']"
popular,27242833,rafiz_studio,,"8,986",39,98,16,"['creative', 'symbol', 'luxury', 'abstract', 'monogram', 'logo', 'apparel logo', 'branding', 'brand identity', 's logo', 's lettermark', 'modern logo', 'minimal logo', 'streetwear logo', 'clothing logo', 'clothing brand', 'fashion logo']"
popular,27243159,BojanOreskovic,,,0,34,3,"['geometric', 'bold', '80s', 'retro', 'x', 'n', 'graphic design', 'design', 'monogram', 'letter', 'icon', 'mark', 'branding', 'logo']"
popular,27244488,badim36,,719,0,21,6,"['h', 'branding', 'illustration', 'geometry', 'minimalism', 'letter', 'graphic design', 'candle', 'design', 'icon', 'mark', 'logo']"
popular,27245420,almigor,,968,0,5,1,"['mocup', 'ui ux', 'logo', 'icon', 'branding', 'vector', 'graphic design', 'icon set', 'illustration', 'design', 'retro', 'symmetrical', 'colorful', 'wordmark', 'font', 'letter', 'typo', 'identity', 'calligraphy', 'typography']"
popular,27242322,emoteagency,,"12,764",11,61,20,"['fintech', 'analytics', 'app', 'mobile', 'application design', 'mobile first', 'clean ui', 'modern ui', 'data visualization', 'product design', 'finance app', 'ux design', 'ui design', 'mobile design', 'mobile app', 'saas', 'accounting app', 'fintech app', 'animation', 'ui']"
new_noteworthy,27244581,uiafzalmasud,hizerostudio,"3,397",15,36,10,"['product', 'fitnessdashboard', 'fitness', 'web']"
new_noteworthy,27242407,SLRNCL,expo,"3,562",5,42,8,"['event', 'details', 'modal', 'data viz', 'graph', 'product']"
new_noteworthy,27218544,gradienta,,"14,987",41,169,37,"['modern dashboard', 'travel app ui', 'digital clock ui', 'minimal design', 'ui design', 'app inspiration', 'timezone dashboard', 'global time app', 'productivity app', 'mobile ux', 'ux design', 'modern app design', 'time tracking app', 'dashboard ui', 'clean interface', 'minimal ui', 'mobile ui design', 'time zone app', 'clock app design', 'world clock app']"
new_noteworthy,27242666,baincraft,,"2,665",10,37,17,"['brand identity', 'iconic logo design', 'luxury branding logo', 'dynamic logo design', 'strong animal logo', 'dribbble logo showcase', 'creative logo inspiration', 'tech company logo', 'finance startup branding', 'powerful emblem design', 'modern minimalist logo', 'flame logo design', 'abstract bull logo', 'bold wordmark design', 'blockchain logo', 'fintech logo design', 'crypto branding', 'crypto trading logo', 'flaming ox logo']"
new_noteworthy,27241956,Yokaona,,"2,881",0,21,8,"['yokaona', 'engraving style', 'crosshatch', 'crosshatching', 'etching', 'vector art', 'custom artwork', 'peaky blinders', 'badboy', 'whimsical', 'goose', 'mascot', 'vector', 'branding', 'illustration', 'hand drawn']"
new_noteworthy,27240333,taqwah_agency,taqwahagency,"12,211",29,108,43,"['uiux', 'design', 'ecommerce landing page', 'ecommerce homepage', 'landing page design', 'online store', 'fashion website', 'shopping', 'online shopping', 'clothing', 'ecommerce', 'e commerce', 'fashion', 'homepage', 'home page', 'hero section', 'landing page', 'ui ux design', 'ui design', 'web design']"
new_noteworthy,27242662,alaminhossen09,blendwrkteam,630,2,43,26,"['web3 desing', 'digital product design', 'startup website', 'saas product', 'web design', 'user experience', 'user interface', 'minimal design', 'modern ui', 'task management', 'dashboard ui', 'landing page design', 'ui ux design', 'web ui design', 'saas website', 'team collaboration', 'workflow automation', 'productivity app', 'project management', 'saas landing page']"
new_noteworthy,27242541,logostack,,645,0,16,4,"['symbol', 'icon', 'technology', 'tech', 'elegant', 'minimal', 'minimalist', 'logo design', 'brand identity', 'branding', 'geometric logo', 'modern n logo', 'typography logo', 'typeface', 'monogram logo', 'lettering', 'letter n', 'n logo', 'n']"
new_noteworthy,27239735,UIX-Maruf,,"8,925",22,138,101,"['ai video generator', 'editing video', 'ai image generator', 'timeline editor', 'video creator app', 'content creation app', 'social media editing', 'web', 'video generator', 'smart ai video maker', 'generative ai', 'dark design', 'create stunning ai videos app', 'reels app', 'mobile app design', 'text to video ai mobile app', 'ai text to video', 'ai powered app', 'ai video app', 'mobile app']"
new_noteworthy,27239258,sahinmia,pixelean,"18,671",24,110,72,"['ux', 'energy tracker', 'clean energy app', 'energy management', 'smart devices app', 'ux for energy', 'modernui', 'sahin mia', 'dark mode design', 'ui', 'pixelean', 'smart energy app', 'mobile app', 'app design', 'smarthome', 'product design', 'uiux']"
new_noteworthy,27237739,jobayerhm,Arobixdesign,"12,154",7,79,36,"['ai powered translation app', 'communication', 'app interface', 'chatgpt', 'ui', 'ai powered app', 'languages app design', 'translate app', 'artificial intelligence', 'education app', 'ai translator', 'ai app']"
new_noteworthy,27238410,alrazisiam,,,22,67,34,"['ai prompt interface', 'b2b landing page', 'enterprise ai', 'enterprise landing page', 'workflow automation tool', 'productivity saas', 'ai automation tool', 'workflow management', 'task automation', 'ai workspace', 'productivity tool', 'ai task management', 'website design', 'workflow automation', 'ai productivity platform', 'website', 'landing page', 'web design', 'saas landing page', 'saas']"
new_noteworthy,27239427,uipartho34,,"5,934",4,59,33,"['home page', 'wellnessapp', 'appui', 'healthcareui', 'productdesign', 'datavisualization', 'dashboardui', 'moderndesign', 'uxdesign', 'uidesign', 'mobileui', 'pregnancyapp', 'trackerapp', 'medicalapp', 'healthui', 'appdesign', 'uiux', 'mobileapp', 'healthapp', 'pregnancy']"
new_noteworthy,27240904,eugenia_proud,01design,608,0,12,3,"['nature', 'bright', 'vibrant', 'howitworks', 'web', 'website', 'treatment', 'portrait', 'playful', 'colorful', 'green', 'healthcare', 'therapy', 'iv', 'wellness']"
new_noteworthy,27239944,rixlab,,"4,091",0,43,7,"['webdesign', 'web', 'website', 'web design', 'landing page', 'software landing page', 'saas website', 'saas', 'startup', 'agency', 'claudy', 'home page design', 'ux', 'data', 'ai', 'ui']"
new_noteworthy,27239416,jahid7755,,"16,657",8,117,91,"['booking', 'mobile', 'product', 'travel', 'mobile app', 'app design', 'ux', 'ui', 'saas', 'interface', 'startup', 'service']"
new_noteworthy,27239185,rajuhossin23456,,"5,893",5,121,81,"['mobile app', 'app design', 'mobile app design', 'ui design', 'ux design', 'focus app', 'minimal ui', 'web', 'clean design', 'modern ui', 'ios app', 'leaderboard', 'friends list', 'nunito', 'streak', 'dark theme', 'productivity app', 'screen time']"
new_noteworthy,27232192,mamkindesigner,thescreenshotfirstcompany,"11,665",2,33,13,"['product design', 'ui design', 'app store visuals', 'mobile app marketing', 'app store creative', 'conversion optimization', 'app screenshots', 'app store listing', 'mobile ui', 'app marketing', 'google play', 'app store', 'app design', 'screenshot design', 'mobile app design', 'aso', 'app store preview', 'app store optimization', 'app store design', 'app store screenshots']"
new_noteworthy,27240164,uiahsanhabib,,,2,71,55,"['travel service', 'modern ui', 'app interfaces', 'journey', 'hotel booking app', 'adventure', 'vacation', 'travel agency', 'destination', 'popular', 'app design', 'travel', 'trip', 'tourism', 'ui design', 'agency', 'traveling', 'booking app', 'modern app ui', 'travel app']"
new_noteworthy,27238018,tamal-adhikary,,"15,166",2,89,67,"['app', 'web', 'mobile app', 'shopping', 'marketplace', 'fashion', 'onlineshop', 'e commerce', 'shopify', 'ecommerce', 'mobile design', 'clothing app', 'online shop', 'shoes', 'ui ux', 'fashion app', 'mobile app design', 'ios app']"
new_noteworthy,27242001,loladupre,,"8,585",0,12,0,"['eyes', 'cats', 'cat', 'paper', 'illustration', 'collage']"
new_noteworthy,27239379,asib4696,,"14,544",6,85,53,"['app design', 'health monitoring dashboard', 'design', 'ui ux design', 'heart tracking', 'pressure tracking app', 'heart rate', 'medical monitoring', 'fitness tracker', 'blood pressure monitor', 'medical app', 'health fitness', 'blood pressure monitor app', 'bp tracker ui', 'patient tracker', 'workout tracker', 'wellness app', 'activity tracker', 'blood pressure app', 'mobile app design']"
new_noteworthy,27180740,heyradiant,,570,0,3,1,"['gradient', 'insights', 'stats', 'graph', 'slides', 'pitch deck', 'charts', 'graphic design', 'startup', 'branding', 'clean', 'design']"
new_noteworthy,27238925,abdullahnoman,italica,"15,166",0,42,36,"['banking app', 'ios app', 'mvp', 'product design', 'saas', 'ux design', 'mobile ui', 'ui deign', 'finance app', 'onboarding', 'dashboard ui', 'app design', 'mobile app design', 'mobile app ui', 'mobile app', 'fintech']"
new_noteworthy,27241560,jay_uix,,320,1,13,6,"['figma to webflow', 'ux design', 'uiuxdesigners', 'figmadesigners', 'mobileappux', 'mobileappdesign', 'habitrackingapp']"
new_noteworthy,27241788,elinakapanen,,,0,7,0,"['terrain', 'satellite', 'green', 'ui design', 'ui', 'ux', 'farmer', 'farm', 'agronomy', 'fields', 'map', 'eagronom']"
new_noteworthy,27239598,uixhabib,,"1,058",3,56,39,"['mobile app', 'automation app', 'workflow app', 'modern ui', 'ux design', 'ui design', 'mobile app design', 'productivity app', 'smart workflow', 'automation', 'app design']"
new_noteworthy,27241755,thunderhenke,,"4,436",3,22,1,"['yandex', 'minimalui', 'figmadesign', 'uxdesign', 'illustrationui', 'productdesign', 'conferencewebsite', 'eventdesign', 'uiux', 'webdesign', 'landingpage']"
new_noteworthy,27238985,neopeaks,,"5,283",0,10,0,"['gromit pixel art', 'wallace and gromit pixel art', 'duck hunt pixel art']"
new_noteworthy,27239183,Blendwrk,blendwrkteam,"8,238",3,48,30,"['mobile ux', 'payment system', 'digital finance', 'app design', 'gradient ui', 'dark ui design', 'modern ui', 'user experience', 'user interface', 'financial app design', 'fintech dashboard', 'mobile app', 'ui ux design', 'mobile banking', 'money transfer', 'payment app', 'digital wallet', 'banking app', 'fintech app', 'finance app']"
new_noteworthy,27239380,neopeaks,,"5,086",0,10,0,"['8 bit', '8bit', 'pixel art', 'amy winehouse pixel art']"
new_noteworthy,27239714,Somitro123,noduslabsproduct,"4,605",7,53,34,"['mobile design', 'ui inspiration', 'dribbble shot', 'sports ui', 'data visualization', 'card ui', 'modern ui', 'figma design', 'app design', 'minimal ui', 'clean ui', 'step counter', 'heart rate tracker', 'wellness app', 'fitness dashboard', 'ui ux design', 'mobile app ui', 'health tracker', 'workout app', 'fitness app']"
new_noteworthy,27242394,HappyMondayCreative,,,0,4,0,"['repeating', 'icons', 'cute', 'spring', 'holiday', 'easter', 'surface pattern', 'illustrated', 'repeat pattern', 'rabbit', 'chick', 'bunny', 'retro', 'branding', 'pattern illustration', 'vintage', 'icon design', 'illustration', 'handdrawn']"
new_noteworthy,27216488,veoorrra,,"14,219",1,59,42,"['automated', 'computer science', 'machine learning', 'ai', 'tablet', 'eye', 'deep learning', 'ml engineer', 'data scientist', 'ai tool', 'big data', 'circuit', 'woman sitting', 'artificial intelligence', 'motion design', 'character design', 'character animation', 'motion graphics', '2d', 'animation']"
new_noteworthy,27237292,Digcy,,"2,495",2,133,20,"['reporting dashboard', 'management system', 'business', 'modern', 'minimal', 'clean', 'ui design', 'data visualization', 'admin dashboard', 'analytics', 'ecommerce', 'saas', 'uiux', 'web app design', 'product design', 'saas dashboard', 'dashboard']"
new_noteworthy,27237461,veoorrra,,"8,894",1,32,24,"['after effects', 'occupation', 'designers desk', 'interior designer', 'tablet', 'woman sitting', 'pen', 'stylus', 'stationery', 'digital artist', 'designer', 'graphic design', 'illustrator', 'drawing', 'motion design', 'character design', 'character animation', 'motion graphics', '2d', 'animation']"
new_noteworthy,27166131,uixbishwajit,,"5,786",2,64,39,"['smarthome', 'homeautomation', 'smartliving', 'mobileappdesign', 'uiuxdesign', 'appinterface', 'dashboarddesign', 'minimaldesign', 'userexperience', 'interactiondesign', 'digitalproduct', 'smartdevices', 'futureliving', 'connectedhome', 'cleanui', 'modernui', 'designinspiration', 'mobile app', 'ux design', 'product design']"
new_noteworthy,27225874,rakib002,,,6,27,8,"['modern web design agancy', 'digital agancy website ui design', 'design studio', 'interface', 'website development', 'landing page', 'web design', 'marketing website', 'digital experiance', 'clean ui', 'modern ui', 'dark', 'agancy', 'header short', 'agancy website', 'ux', 'branding', '3d', 'animation', 'ui']"
new_noteworthy,27237495,alaminuix07,,"6,563",6,84,61,"['app design', 'product', 'app', 'iot', 'smart home', 'ux', 'ui', 'interface', 'startup', 'service', 'mobile app', 'mobile']"
new_noteworthy,27238496,buqancreative,,"10,127",0,15,1,"['house artwork', 'graphic design', 'vector illustration', 'farmhouse art', 'ranch architecture', 'building illustration', 'neon style', 'bold colors', 'minimal illustration', 'flat vector', 'country architecture', 'rural house', 'barn house illustration', 'flat house illustration', 'farmhouse design', 'country ranch', 'ranch home', 'country house', 'farmhouse illustration', 'ranch house']"
new_noteworthy,27237437,luminar-workshop,,"4,663",6,71,51,"['audio player app', 'ui ux', 'mobile app', 'content platform', 'podcast app', 'audio podcast', 'podcast player', 'music app', 'minimal ui', 'media app', 'audio streaming', 'streaming', 'streaming app', 'entertainment app', 'music player', 'audio app']"
new_noteworthy,27242693,iftikharshaikh,inarastudio,"1,885",1,19,1,"['calorie tracker', 'ai app', 'interface design', 'product', 'mobile design']"
new_noteworthy,27235407,yeasinarafat33,,,8,122,88,"['data visualization', 'saas', 'mobile app', 'management app', 'wordflow builder', 'user interface', 'design', 'fintech', 'uxui', 'statistics', 'web', 'dashboard ui', 'analytics app', 'no code', 'app design', 'mobile ui', 'workflow', 'automation']"
new_noteworthy,27241033,madebyoutloud,,"22,233",4,25,3,"['crypto', 'finance', 'motion', 'logo', 'branding', 'mobile icon', 'mobile app', 'ui', 'design']"
new_noteworthy,27236041,uimamun615,,,10,79,52,"['modernui', 'ecommerceapp', 'wishlist', 'addtocart', 'retaildesign', 'fashionapp', 'onlineshopping', 'productpage', 'onboarding', 'productdesign', 'shoestore', 'sneakerapp', 'uxdesign', 'uidesign', 'mobileui', 'shoppingapp', 'ecommerce']"
new_noteworthy,27235336,Rabbir07,noduslabsproduct,,3,80,69,"['trending ui', 'design inspiration', 'ux case study', 'interface design', 'content app', 'story ui', 'profile ui', 'ios app design', 'clean ui design', 'minimal ui design', 'modern ui design', 'dark ui design', 'dark mode ui', 'social feed ui', 'ui ux design', 'app ui design', 'mobile ui design', 'mobile app ui', 'social app ui', 'social media app']"
new_noteworthy,27235846,sknahidhasan0011,,"5,548",0,52,39,"['growth', 'ui', 'ux', 'product', 'website', 'landing', 'startup', 'saas']"
new_noteworthy,27234671,ashik1172,,"9,633",2,85,63,"['mindfulness healthcare', 'app design', 'health app', 'minimal design', 'calming ui', 'mood tracker', 'sleep stories', 'sleep app', 'meditation app', 'wellness app', 'ux design', 'ui design', 'mobile app', 'mindfulness', 'mental health']"
new_noteworthy,25995199,qclay,,"1,745,228",225,972,24,"['fintech landing page', 'finance', 'crypto landing page', 'gambling', 'landing page', 'web design', 'fintech', 'startup', 'trading', 'investment', 'cryptocurrency', 'qclay', 'platform', 'blockchain']"
new_noteworthy,27235874,gm-studio,,"7,078",6,74,57,"['app', 'mobile app', 'app design', 'mobile app design', 'health app', 'medical care', 'medical app', 'medicine', 'healthcare', 'pharmacy', 'pharmacy app', 'supplements app', 'vitamins', 'supplements', 'product design', 'mobile', 'medical', 'telemedicine', 'promo']"
