sorting_criteria,post_ID,designer_username,post_link
following,27245208,Type08,https://dribbble.com/shots/26754393-Joyful-Hooper
following,27245208,Hurca,https://dribbble.com/shots/25836282-Ring-Attack
following,27245208,lepisovbranding,https://dribbble.com/shots/27116717-Spinball-Racket-Game-Logo-Design
following,27245208,Dimitry_Mikovic,https://dribbble.com/shots/25755060-Toronto-Racquets
following,27245208,vaneltia,https://dribbble.com/shots/26291048-Dribbble-s-Sweet-16
following,27245208,trinitiff,https://dribbble.com/shots/26823719-Hoops
following,27244825,blacklead-studio,https://dribbble.com/shots/25742820-Crystal-Website
following,27244825,ronasit,https://dribbble.com/shots/25536003-Travel-App-Landing-Page
following,27244825,Victawille,https://dribbble.com/shots/25661680-heexo-webdesign
following,27244825,Tubik,https://dribbble.com/shots/26847301-Website-Main-Scroll-for-a-Digital-Agency
following,27244825,BalkanBrothers,https://dribbble.com/shots/26561439-Yellow-Brand-Exploration
following,27244825,Afterglow-studio,https://dribbble.com/shots/26736910-Adspace-Website-and-Brand-Identity-for-a-Marketing-Agency
following,27244788,Type08,https://dribbble.com/shots/27001752-Lost-Spaceman
following,27244788,studioMUTI,https://dribbble.com/shots/25994705-The-Neovision-Way
following,27244788,manuel-corsi-manu,https://dribbble.com/shots/26413752-Rainbow-Space-Dragon
following,27244788,vaneltia,https://dribbble.com/shots/26735538-Sleeping-Astronaut-Lion
following,27244788,catalystvibes,https://dribbble.com/shots/26544013-Alien-Character-Designs
following,27244788,WOLF_STEVE,https://dribbble.com/shots/25330754-Journey-Group-Space
following,27219218,Doryan,https://dribbble.com/shots/26751062-Cavapoo
following,27219218,cpuentes23,https://dribbble.com/shots/26955342-Pet-Adoption-App
following,27219218,trinitiff,https://dribbble.com/shots/25854777-Stuffy
following,27219218,siegemedia,https://dribbble.com/shots/26575444-Veterinarian-illustrations
following,27219218,manuel-corsi-manu,https://dribbble.com/shots/26062775-Chihuahua
following,27219218,vaneltia,https://dribbble.com/shots/25478711-Black-Cats
following,27244499,Nixtio,https://dribbble.com/shots/26385963-Futuristic-Samurai-Website-Design
following,27244499,krugli,https://dribbble.com/shots/26594931-Taiwan-Travel-Scenes
following,27244499,blacklead-studio,https://dribbble.com/shots/26158148-Maneki-Neko-Website
following,27244499,teamheyo,https://dribbble.com/shots/24969920-Illustration-Style-Exploration
following,27244499,rholesinsky,https://dribbble.com/shots/26403729-Isometric-illustration-animation-hero-section
following,27244499,guillaumekurkdjian,https://dribbble.com/shots/24417888-A-Greek-moment
following,27244268,manuel-corsi-manu,https://dribbble.com/shots/25204949-louis-XIV
following,27244268,Folio,https://dribbble.com/shots/24995930-Maestro
following,27244268,cpuentes23,https://dribbble.com/shots/26466333-Hercules-Pegasus
following,27244268,damianthebear,https://dribbble.com/shots/25737458-El-Esp-ritu-Familia-Part-I
following,27244268,designbyangie,https://dribbble.com/shots/26229763-The-Picture-of-Dorian-Gray-Mockup-Book-Cover
following,27244268,studioMUTI,https://dribbble.com/shots/25776537-The-legendary-Sir-Elton-John
following,27244260,studioMUTI,https://dribbble.com/shots/25853030-Abstract
following,27244260,designbyangie,https://dribbble.com/shots/24717144--Out-of-the-Blue-Digital-Vector-Art
following,27244260,Hurca,https://dribbble.com/shots/25612531-Creative-Portraits
following,27244260,DavideMazzuchin,https://dribbble.com/shots/26534372-Bugonia-Portraits
following,27244260,mercedesbazan,https://dribbble.com/shots/26726796-White-Noise
following,27244260,teamheyo,https://dribbble.com/shots/26877237-Keyvo-Hero-Illustration
following,27243370,lepisovbranding,https://dribbble.com/shots/26631805-Residia-Logo-and-Hero-Section-Concept
following,27243370,ronasit,https://dribbble.com/shots/27108491-Luxury-Real-Estate-Agency-Website-UI-Design
following,27243370,musemindagency,https://dribbble.com/shots/26338893-Norkon-Real-Estate-Landing-Page-Website-Design
following,27243370,Afterglow-studio,https://dribbble.com/shots/26200093--Formnest-Collective-Modern-Homes
following,27243370,halolab,https://dribbble.com/shots/25867200-Website-for-a-Real-Estate-Product-Investar
following,27243370,oneweekwonders,https://dribbble.com/shots/25523635-Terraforma-Green-Architecture-Company-Landing-Page-Animation
following,27243781,emoteagency,https://dribbble.com/shots/27042362-Finora-scrolling-page
following,27243781,ronasit,https://dribbble.com/shots/26900344-Fintech-Investment-Portfolio-Mobile-App
following,27243781,Nixtio,https://dribbble.com/shots/26467356-Crypto-Trading-Dashboard-Web-Design
following,27243781,musemindagency,https://dribbble.com/shots/26418121-Fintech-Landing-Page-Fintech-Website-Design
following,27243781,rholesinsky,https://dribbble.com/shots/25855871-Investment-fund-bank-hero-shot
following,27243781,extej,https://dribbble.com/shots/25475101-Investing-Mobile-App-Design-For-Portfolio-Management
following,27242855,emoteagency,https://dribbble.com/shots/26831302-Clario-home-page
following,27242855,ronasit,https://dribbble.com/shots/26357714-AI-Personal-Financial-Assistant-Mobile-App
following,27242855,Nixtio,https://dribbble.com/shots/26891615-Mobile-Banking-App-Design
following,27242855,ofspaceuxui,https://dribbble.com/shots/25873809-Personal-Finance-Mobile-Banking-App
following,27242855,extej,https://dribbble.com/shots/25626575-Mobile-UIUX-Design-for-Auto-Investing-Portfolio-Management-App
following,27242855,Afterglow-studio,https://dribbble.com/shots/26099064-Crypto-Banking-Zenix-Branding
following,27243514,trinitiff,https://dribbble.com/shots/26105138-Agriport
following,27243514,danlehman,https://dribbble.com/shots/26278567-Mustard-Seed-Farm-Branding
following,27243514,OnPoint_Std,https://dribbble.com/shots/26547747-Agriculture-Website
following,27243514,Type08,https://dribbble.com/shots/26044620-Planto
following,27243514,tubik_arts,https://dribbble.com/shots/24949899-Autumn-Fields-Harvest-Time-Illustration
following,27243514,DavideMazzuchin,https://dribbble.com/shots/26743374-FAO-United-Nations-Report-2025-Life-on-land
following,27243406,Nixtio,https://dribbble.com/shots/25711538-Real-Estate-Platform-UI
following,27243406,cuberto,https://dribbble.com/shots/27147878-FIND-RealEstate-UX-UI-Design-Development
following,27243406,agilie,https://dribbble.com/shots/26544618-Construction-Progress-Tracking-App
following,27243406,Afterglow-studio,https://dribbble.com/shots/27226677-Branding-for-D-Module-Construction-Management-Platform
following,27243406,ronasit,https://dribbble.com/shots/27179189-Real-Estate-Agent-UI-Web-Design
following,27243406,emoteagency,https://dribbble.com/shots/26778756-Finsage-fintech-landing-page-animation
following,27243377,lepisovbranding,https://dribbble.com/shots/26388259-7Up-Can-Redesign-Concept
following,27243377,Type08,https://dribbble.com/shots/26851674-Yovi-Artisan-Tea
following,27243377,Aditya-Chhatrala,https://dribbble.com/shots/27150756-Kinto-wordmark-logo-design-for-flavored-Soda-Beverage-Brand
following,27243377,ethnfndr,https://dribbble.com/shots/26084362-Cherry-cocktail-I
following,27243377,marcato,https://dribbble.com/shots/26465732-Soda-bottle-packaging-design
following,27243377,tubik_arts,https://dribbble.com/shots/25136064-Wine-Brand-Packaging-Illustration-Rosato
following,27243283,cresk,https://dribbble.com/shots/26367189-Bunny
following,27243283,ramotion,https://dribbble.com/shots/25903662-Startup-Branding-for-Holidu-visual-identity-brand-design
following,27243283,vaneltia,https://dribbble.com/shots/26838267-Hound-Wordmark-Logo
following,27243283,ErikPadamans,https://dribbble.com/shots/26702921-Rehammered-Logo-Design-Concept
following,27243283,dalius-stuoka,https://dribbble.com/shots/25917338-Tanuki-Raccoon-Animal-Logo-Design
following,27243283,SavaStoic,https://dribbble.com/shots/25886931-Octopus
following,27243205,Tubik,https://dribbble.com/shots/26682683-Case-Study-Website-Design-for-EternaCloud
following,27243205,ronasit,https://dribbble.com/shots/25640496-Crypto-App-Landing-Page
following,27243205,Victawille,https://dribbble.com/shots/25661680-heexo-webdesign
following,27243205,emoteagency,https://dribbble.com/shots/25757294-Blockio-landing-page-interaction
following,27243205,ramotion,https://dribbble.com/shots/26300694-Venom-Button-UI-UX-Design-Exploration-for-Web-Services
following,27243205,BalkanBrothers,https://dribbble.com/shots/26589878-CloudZero-New-Homepage
following,27242322,ronasit,https://dribbble.com/shots/26849814-Fintech-Investment-Portfolio-Mobile-App
following,27242322,Nixtio,https://dribbble.com/shots/26522978-Smart-Real-Estate-Dashboard-UI
following,27242322,Tubik,https://dribbble.com/shots/26795511-Case-Study-AI-Powered-App-for-Restaurant
following,27242322,Afterglow-studio,https://dribbble.com/shots/26219895-Volio-Crypto-Banking-website
following,27242322,ramotion,https://dribbble.com/shots/26222009-Fintech-Web-App-Analytics-Dashboard-Design-for-Borea-AI
following,27242322,georai,https://dribbble.com/shots/26674718-Stardog-Voicebox-Conversational-AI-for-Financial-Insights
following,27239993,jmaster,https://dribbble.com/shots/25430165-Run-it-back
following,27239993,Type08,https://dribbble.com/shots/26444025-Birdie-Guild
following,27239993,lepisovbranding,https://dribbble.com/shots/27116717-Spinball-Racket-Game-Logo-Design
following,27239993,Greg_Grigoriou,https://dribbble.com/shots/26887099-Volleyball-Tournament-Neon-Signage-Illustration
following,27239993,VanguardDesignCo,https://dribbble.com/shots/26983331-Dude-Perfect-Apparel-Logo-Kit
following,27239993,LeslieLOlson,https://dribbble.com/shots/25505208-GRAND-JETE
following,27242284,ronasit,https://dribbble.com/shots/27140316-MVP-Development-Service-Page-for-a-Tech-Agency
following,27242284,Nixtio,https://dribbble.com/shots/26290102-UI-Design-for-Marketing-Platform-App
following,27242284,halolab,https://dribbble.com/shots/26734679-Website-for-a-Design-Agency-ME-Agency
following,27242284,ramotion,https://dribbble.com/shots/27047801--Case-Study-Enterprise-Website-Design-for-Quantexa
following,27242284,Tubik,https://dribbble.com/shots/26954561-Tubik-Design-Year-in-Review-2025
following,27242284,UI8,https://dribbble.com/shots/26278473-4-Best-Screens-I-created-for-BW2
following,27242277,Victawille,https://dribbble.com/shots/25661680-heexo-webdesign
following,27242277,lepisovbranding,https://dribbble.com/shots/26476208-Bitcoin-Logo-and-Hero-Concept
following,27242277,emoteagency,https://dribbble.com/shots/26926900-W3-responsive-website
following,27242277,ronasit,https://dribbble.com/shots/25640496-Crypto-App-Landing-Page
following,27242277,halolab,https://dribbble.com/shots/26240869-UI-UX-for-a-Crypto-Product-Timify
following,27242277,joshwarren,https://dribbble.com/shots/26253419-Today-Finance-Branding-Art-Direction
following,27242270,Nixtio,https://dribbble.com/shots/25623061-Financial-Analytics-Dashboard-UI
following,27242270,rholesinsky,https://dribbble.com/shots/25765472-Bento-grid-dashboard-for-revops-startup
following,27242270,shakuro,https://dribbble.com/shots/25468740-Sales-Analytics-B2B-Dashboard-UI-UX-Design
following,27242270,halolab,https://dribbble.com/shots/24915044-Dashboard-for-a-Finance-Product-Monetir
following,27242270,emoteagency,https://dribbble.com/shots/26408113-Chartmogul-CRM-platform-redesign
following,27242270,rhdesign1,https://dribbble.com/shots/27021117-SaaS-Analytics-Admin-Dashboard-Management
following,27242215,Nixtio,https://dribbble.com/shots/25623061-Financial-Analytics-Dashboard-UI
following,27242215,halolab,https://dribbble.com/shots/24915044-Dashboard-for-a-Finance-Product-Monetir
following,27242215,rholesinsky,https://dribbble.com/shots/25765472-Bento-grid-dashboard-for-revops-startup
following,27242215,shakuro,https://dribbble.com/shots/25468740-Sales-Analytics-B2B-Dashboard-UI-UX-Design
following,27242215,emoteagency,https://dribbble.com/shots/26408113-Chartmogul-CRM-platform-redesign
following,27242215,Afterglow-studio,https://dribbble.com/shots/25740162-UI-UX-Design-for-Finance-Dashboard
following,27242020,BalkanBrothers,https://dribbble.com/shots/26590019-SquareWorks-Social-Grid-System
following,27242020,MihaiDolganiuc,https://dribbble.com/shots/27155294-oneo-visual-identity
following,27242020,ramotion,https://dribbble.com/shots/26887149--Case-Study-Startup-Branding-Visual-Identity-for-Borea-AI
following,27242020,panzestudio,https://dribbble.com/shots/27041048-Taktix-Logo-and-Brand-Identity-Design
following,27242020,joshwarren,https://dribbble.com/shots/26307239-DSC-Labs-Mini-Brand-Guidelines
following,27242020,SavaStoic,https://dribbble.com/shots/26764181-FocusBoard
following,27242127,musemindagency,https://dribbble.com/shots/26560330-Parenting-App-Design-Family-App-Baby-Care-App-UI-UX-Design
following,27242127,catalystvibes,https://dribbble.com/shots/26498821-Baby-Days-Out
following,27242127,teammarka,https://dribbble.com/shots/26352969-Enfant-Doue-Logo-Branding
following,27242127,tubik_arts,https://dribbble.com/shots/26071213-Teddy-Tales-Kids-Friendly-Illustrations-for-E-commerce-Apps
following,27242127,AlexTass,https://dribbble.com/shots/27090277-nest-logo-design-crib-heart-for-baby-products-and-furniture
following,27242127,paperpillar,https://dribbble.com/shots/26425600-E-course-App-Exploration
following,27198660,emoteagency,https://dribbble.com/shots/26408113-Chartmogul-CRM-platform-redesign
following,27198660,Nixtio,https://dribbble.com/shots/26097808-Dashboard-Design-Employee-Onboarding-Platform
following,27198660,halolab,https://dribbble.com/shots/26409588-UX-UI-for-a-Productivity-Platform-Visionty
following,27198660,Tubik,https://dribbble.com/shots/26795511-Case-Study-AI-Powered-App-for-Restaurant
following,27198660,ronasit,https://dribbble.com/shots/25742359-CRM-Dashboard-App-Design
following,27198660,blacklead-studio,https://dribbble.com/shots/25997365-CTRL-the-Chaos-Dashboard
following,27241811,Tubik,https://dribbble.com/shots/26864648-Medical-App-for-Cardiovascular-Data-Tracking
following,27241811,shakuro,https://dribbble.com/shots/25554152-Healthcare-Dashboard-for-Clinic-Management-Patient-Management
following,27241811,Nixtio,https://dribbble.com/shots/26519429-Dental-Clinic-Mobile-App-Modern-Healthcare-UI
following,27241811,Afterglow-studio,https://dribbble.com/shots/26039814-Healthcare-Landing-page-UI-UX-Design
following,27241811,montyhayton,https://dribbble.com/shots/24671220-Patient-Dashboard-pt-2
following,27241811,ronasit,https://dribbble.com/shots/26767538-Telemedicine-Health-Records-Mobile-App
following,27241647,Nixtio,https://dribbble.com/shots/25711538-Real-Estate-Platform-UI
following,27241647,cuberto,https://dribbble.com/shots/27147878-FIND-RealEstate-UX-UI-Design-Development
following,27241647,agilie,https://dribbble.com/shots/26480247-Construction-Progress-Tracking-App
following,27241647,rholesinsky,https://dribbble.com/shots/26423354-Real-estate-platform-website-card-motion
following,27241647,halolab,https://dribbble.com/shots/26786657-Website-for-a-Real-Estate-Platform-Veliqu
following,27241647,Afterglow-studio,https://dribbble.com/shots/27226677-Branding-for-D-Module-Construction-Management-Platform
following,27219215,damianthebear,https://dribbble.com/shots/27026222-From-Mom-Empanadas-Pt-5
following,27219215,teamheyo,https://dribbble.com/shots/26877237-Keyvo-Hero-Illustration
following,27219215,studioMUTI,https://dribbble.com/shots/26772568-Art-of-Making-a-Difference
following,27219215,jeremyvessey,https://dribbble.com/shots/24700502-Comparison-Kills-Joy-You-V-You
following,27219215,georgepwilson,https://dribbble.com/shots/26159958-Padre
following,27219215,SofiaIudina,https://dribbble.com/shots/26449897-NoobCare-Illustrations-Icons
following,27241594,Nixtio,https://dribbble.com/shots/27020833-Furniture-E-commerce-Mobile-App
following,27241594,ronasit,https://dribbble.com/shots/25743116-E-commerce-Mobile-Website-Design
following,27241594,oneweekwonders,https://dribbble.com/shots/25995753-Novure-Fashion-Online-Store-e-Commerce-Landing-Page-Animation
following,27241594,UI8,https://dribbble.com/shots/25629481-Briefberry
following,27241594,blacklead-studio,https://dribbble.com/shots/26186468-OVVA-Website
following,27241594,ramotion,https://dribbble.com/shots/24373526-Furniture-Ecommerce-Concept-Web
following,27218544,Nixtio,https://dribbble.com/shots/26798844-World-Time-Mobile-App-UI-Design
following,27218544,GeexArts,https://dribbble.com/shots/26397360-Create-AI-App
following,27218544,UI8,https://dribbble.com/shots/25386350-Time-Tracking
following,27218544,emoteagency,https://dribbble.com/shots/27021491-OMO-Productivity-Hub-App
following,27218544,budiartidesign,https://dribbble.com/shots/26089992-Habit-Tracker-Mobile-App
following,27218544,ronasit,https://dribbble.com/shots/25708448-Flight-Tracking-Mobile-App-UI-Design
following,27240038,emoteagency,https://dribbble.com/shots/26599354-Spark-responsive-dashboard
following,27240038,ramotion,https://dribbble.com/shots/26222009-Fintech-Web-App-Analytics-Dashboard-Design-for-Borea-AI
following,27240038,Afterglow-studio,https://dribbble.com/shots/26219895-Volio-Crypto-Banking-website
following,27240038,ronasit,https://dribbble.com/shots/26849814-Fintech-Investment-Portfolio-Mobile-App
following,27240038,Tubik,https://dribbble.com/shots/27176796-Payment-Widget-Flow-Finance-Dashboard-UI
following,27240038,Fireart-d,https://dribbble.com/shots/26979682-CFI
following,27239735,Nixtio,https://dribbble.com/shots/25922326-AI-Video-Editor-Interface
following,27239735,phenomenonstudio,https://dribbble.com/shots/27171472-Video-Editor-Mobile-App-Design-Feelsy
following,27239735,ErikPadamans,https://dribbble.com/shots/26521377-Hyper-Desktop-Vtube-App-Toolbar-Pen-Tool-Exploration
following,27239735,Afterglow-studio,https://dribbble.com/shots/26627775-Echo-An-AI-powered-video-generation-App
following,27239735,ezheviiika,https://dribbble.com/shots/27010578-Short-Video-Meme-Maker-Mobile-App-Design
following,27239735,panzestudio,https://dribbble.com/shots/25235357-AI-Video-Creating-Software-Landing-Page
following,27240221,danlehman,https://dribbble.com/shots/26278567-Mustard-Seed-Farm-Branding
following,27240221,tubik_arts,https://dribbble.com/shots/25764596-Vegetable-Seeds-Brand-Illustrations
following,27240221,Type08,https://dribbble.com/shots/26044620-Planto
following,27240221,Lada_Daria,https://dribbble.com/shots/26504301-Website-Illustrations-for-Organic-Brand-Local-Farm-Character
following,27240221,studioMUTI,https://dribbble.com/shots/27237549-Freshness-arranged
following,27240221,firqahlab,https://dribbble.com/shots/25465066-Eco-Nature-Landing-page-design-Plant-Landing-page
following,27240161,ronasit,https://dribbble.com/shots/25536003-Travel-App-Landing-Page
following,27240161,Nixtio,https://dribbble.com/shots/26896910-Jewelry-Store-Website-UI-Design
following,27240161,Victawille,https://dribbble.com/shots/25661680-heexo-webdesign
following,27240161,blacklead-studio,https://dribbble.com/shots/25742820-Crystal-Website
following,27240161,UI8,https://dribbble.com/shots/25629481-Briefberry
following,27240161,halolab,https://dribbble.com/shots/25122110-Landing-Page-for-a-Food-Brand-Swirlzy
following,27237019,Dimitry_Mikovic,https://dribbble.com/shots/26744102-Tea-Estate-Visual-Identity
following,27237019,jeroenvaneerden,https://dribbble.com/shots/27150988-Sproutly-Logo-Concepts
following,27237019,logotypely-team,https://dribbble.com/shots/25569681-Minimalist-Negative-Space-Farm-Logo-Design
following,27237019,ramotion,https://dribbble.com/shots/26887149--Case-Study-Startup-Branding-Visual-Identity-for-Borea-AI
following,27237019,smiDOT,https://dribbble.com/shots/26979732-Organic-Fluid-H-Logo-Icon
following,27237019,panzestudio,https://dribbble.com/shots/27041048-Taktix-Logo-and-Brand-Identity-Design
following,27239967,Type08,https://dribbble.com/shots/26444025-Birdie-Guild
following,27239967,jmaster,https://dribbble.com/shots/25812257-FCKD
following,27239967,Greg_Grigoriou,https://dribbble.com/shots/26455463-NH-Golf-Identity-Badge-Design
following,27239967,VanguardDesignCo,https://dribbble.com/shots/25475655-Diamond-Ridge-Provisions-Typography-Logos
following,27239967,LeslieLOlson,https://dribbble.com/shots/25505208-GRAND-JETE
following,27239967,OldDirtyDermot,https://dribbble.com/shots/26242173-WIP-Golf-Badge
following,27232406,emoteagency,https://dribbble.com/shots/26599354-Spark-responsive-dashboard
following,27232406,Tubik,https://dribbble.com/shots/26795511-Case-Study-AI-Powered-App-for-Restaurant
following,27232406,ramotion,https://dribbble.com/shots/27047801--Case-Study-Enterprise-Website-Design-for-Quantexa
following,27232406,halolab,https://dribbble.com/shots/26982241-Dashboard-for-Edtech-Product-Lerno
following,27232406,Nixtio,https://dribbble.com/shots/26682545-3D-Character-Builder-UI-Subscription-Flow-Design
following,27232406,montyhayton,https://dribbble.com/shots/25997279-Content-section
following,27239462,Nixtio,https://dribbble.com/shots/25371742-AI-Mobile-App-Design
following,27239462,ronasit,https://dribbble.com/shots/26974858-SaaS-Customer-Support-Chatbot-UI-Design
following,27239462,shakuro,https://dribbble.com/shots/26299029-Prime-Chat-AI-Mobile-Assistant-UI-UX-Design-for-Task-Automation
following,27239462,ofspaceuxui,https://dribbble.com/shots/26185189-Smart-AI-Agent-Mobile-App-Ui-Design-Concept
following,27239462,jordanhughes,https://dribbble.com/shots/25707317-AI-assistant-Untitled-UI
following,27239462,montyhayton,https://dribbble.com/shots/26041544-Customer-Service
following,27237978,ronasit,https://dribbble.com/shots/26918488-Fintech-Personal-Budgeting-Mobile-App
following,27237978,Nixtio,https://dribbble.com/shots/26929450-Fintech-Website-Design-Payoneer-Concept
following,27237978,georai,https://dribbble.com/shots/26674718-Stardog-Voicebox-Conversational-AI-for-Financial-Insights
following,27237978,Tubik,https://dribbble.com/shots/26795511-Case-Study-AI-Powered-App-for-Restaurant
following,27237978,Afterglow-studio,https://dribbble.com/shots/26099064-Crypto-Banking-Zenix-Branding
following,27237978,ui_migulko,https://dribbble.com/shots/26946375-Invest-app-interaction
following,27239259,cresk,https://dribbble.com/shots/26729764-Lion-star
following,27239259,vaneltia,https://dribbble.com/shots/26974928-Dog-Grooming-Logo
following,27239259,contrast8,https://dribbble.com/shots/26614693-Foxspark
following,27239259,dalius-stuoka,https://dribbble.com/shots/25917338-Tanuki-Raccoon-Animal-Logo-Design
following,27239259,SavaStoic,https://dribbble.com/shots/27188303-Iconography
following,27239259,MihaiDolganiuc,https://dribbble.com/shots/26682949-Types-of-Logos
following,27223351,Victawille,https://dribbble.com/shots/25661680-heexo-webdesign
following,27223351,ronasit,https://dribbble.com/shots/26872277-E-commerce-Product-Page-for-a-Luxury-Retail-Brand
following,27223351,UI8,https://dribbble.com/shots/25629481-Briefberry
following,27223351,Nixtio,https://dribbble.com/shots/26896910-Jewelry-Store-Website-UI-Design
following,27223351,ramotion,https://dribbble.com/shots/26723980-Startup-Web-Design-for-Borea-AI
following,27223351,Tubik,https://dribbble.com/shots/26979414-EcoUnity-Educational-Website-Concept
following,27238361,oneweekwonders,https://dribbble.com/shots/26509193-Formaia-AI-Interior-Design-Generator-Landing-Page-Animation
following,27238361,blacklead-studio,https://dribbble.com/shots/26661184-RendSpace-Website
following,27238361,cuberto,https://dribbble.com/shots/25578623-Chilbot-Motion-Design
following,27238361,Tubik,https://dribbble.com/shots/26822043-Data-Visualization-Website-Interactive-Fragments-Page
following,27238361,rholesinsky,https://dribbble.com/shots/26834243-Animated-bento-grid-cards
following,27238361,tranmautritam,https://dribbble.com/shots/27129756-3D-AI-motion-app
following,27238235,halolab,https://dribbble.com/shots/26744049-Dashboard-for-an-Agriculture-Product-Zolve
following,27238235,Victawille,https://dribbble.com/shots/25661680-heexo-webdesign
following,27238235,Tubik,https://dribbble.com/shots/26579260-Steel-Industrial-Company-Website-Sustainable-Solutions-Page
following,27238235,BalkanBrothers,https://dribbble.com/shots/26589878-CloudZero-New-Homepage
following,27238235,ramotion,https://dribbble.com/shots/26723980-Startup-Web-Design-for-Borea-AI
following,27238235,ronasit,https://dribbble.com/shots/25708252-Logistics-Company-Web-Design-Landing-Page
following,27238129,KreativaStudio,https://dribbble.com/shots/27176199-Nexterra-Website-Design
following,27238129,Tubik,https://dribbble.com/shots/26847301-Website-Main-Scroll-for-a-Digital-Agency
following,27238129,blacklead-studio,https://dribbble.com/shots/26130386-BurnOut-Website
following,27238129,BalkanBrothers,https://dribbble.com/shots/27117223-Burai-Brand-and-Website
following,27238129,brightscout,https://dribbble.com/shots/26477670-Kindo
following,27238129,helen_kirichenko,https://dribbble.com/shots/24168584-FlourLab-transition-animation
following,27238052,Victawille,https://dribbble.com/shots/25661680-heexo-webdesign
following,27238052,BalkanBrothers,https://dribbble.com/shots/26570239-Yellow-Website-Example
following,27238052,Tubik,https://dribbble.com/shots/26979414-EcoUnity-Educational-Website-Concept
following,27238052,phenomenonstudio,https://dribbble.com/shots/25274075-OneText-SaaS-AI-Website-UI-UX-Design
following,27238052,Nixtio,https://dribbble.com/shots/26682545-3D-Character-Builder-UI-Subscription-Flow-Design
following,27238052,ramotion,https://dribbble.com/shots/27047801--Case-Study-Enterprise-Website-Design-for-Quantexa
following,27219214,Type08,https://dribbble.com/shots/26842310-The-Old-Fox-Restaurant-Lounge
following,27219214,studioMUTI,https://dribbble.com/shots/27230018-Celebration-plated
following,27219214,danlehman,https://dribbble.com/shots/25873303-French-Food-Sketches
following,27219214,damianthebear,https://dribbble.com/shots/27026212-From-Mom-Empanadas-Pt-4
following,27219214,catalystvibes,https://dribbble.com/shots/25088468-Spicy-Foods-Collection
following,27219214,elmira,https://dribbble.com/shots/26030315-Food-Icons
following,27109543,Nixtio,https://dribbble.com/shots/26489380-Risk-Management-Dashboard-Design
following,27109543,Afterglow-studio,https://dribbble.com/shots/25897375--Branding-for-Cybersecurity-App
following,27109543,ofspaceuxui,https://dribbble.com/shots/26295527-Samfund-AI-Driven-Fintech-Support-Landing-Page-UI-Design
following,27109543,lepisovbranding,https://dribbble.com/shots/26018312-UX-Logo-Icon-Concept
following,27109543,wegrowsubscription,https://dribbble.com/shots/26468838-913-ai-New-Website
following,27109543,Tubik,https://dribbble.com/shots/26787072-AI-Powered-Mobile-App-for-Restaurant-Operations
following,27237043,Friedcactusstudio,https://dribbble.com/shots/26101740-The-Everyman
following,27237043,teamheyo,https://dribbble.com/shots/25276630-Character-Library
following,27237043,designbyangie,https://dribbble.com/shots/26229763-The-Picture-of-Dorian-Gray-Mockup-Book-Cover
following,27237043,studioMUTI,https://dribbble.com/shots/26772568-Art-of-Making-a-Difference
following,27237043,Hurca,https://dribbble.com/shots/26773389-Just-a-Tear
following,27237043,JulianBurford,https://dribbble.com/shots/26889225-Style-Exploration-1
following,27236942,phenomenonstudio,https://dribbble.com/shots/26975151-Social-Fitness-Mobile-App-UI-Ready-Player-Fit
following,27236942,Tubik,https://dribbble.com/shots/26400996-Mobile-Web-App-Design-for-Progress-Tracking-Platform-MyExamy
following,27236942,emoteagency,https://dribbble.com/shots/26819171-EXLM-dashboard
following,27236942,GeexArts,https://dribbble.com/shots/26741589-Product-today
following,27236942,ronasit,https://dribbble.com/shots/26973702-Onboarding-Flow-for-a-Startup-s-Mobile-App
following,27236942,purrwebui,https://dribbble.com/shots/25367084-Games-Mobile-iOS-App
following,27236921,hellsjells,https://dribbble.com/shots/27067454-Sunly-Energy-Hero-Vector-Parallax-Illustrations
following,27236921,ethnfndr,https://dribbble.com/shots/24226107-Earth-fm-mini-illustrations
following,27236921,studioMUTI,https://dribbble.com/shots/26127776-State-of-Nature
following,27236921,DavideMazzuchin,https://dribbble.com/shots/26743374-FAO-United-Nations-Report-2025-Life-on-land
following,27236921,nicetriangle,https://dribbble.com/shots/25303191-Iceland
following,27236921,RomainTrystram,https://dribbble.com/shots/25748865-Nomad-concepts
following,27235304,oneweekwonders,https://dribbble.com/shots/24381627-CistrusSun-Healthy-Juice-Shop-Landing-Page-Website
following,27235304,rylicstudio,https://dribbble.com/shots/25874933-Alldae-Superfruit-Soda-Website
following,27235304,fibostudio_team,https://dribbble.com/shots/25878757-Chips-N-Chops-Restaurant-Website-UIUX-Design
following,27235304,Type08,https://dribbble.com/shots/27030083-Fuel-Matcha
following,27235304,marcato,https://dribbble.com/shots/25921542-3d-icon-set-food-and-drink
following,27235304,gregory-darroll,https://dribbble.com/shots/25468832-Food-Icons
popular,27243940,smiDOT,https://dribbble.com/shots/26648869-Nexeron-Hexagon-Logo
popular,27243940,cresk,https://dribbble.com/shots/27014278-Custom-Google-Logomark
popular,27243940,panzestudio,https://dribbble.com/shots/27027424-Zeltra-Logo-and-Branding-Design
popular,27243940,dalius-stuoka,https://dribbble.com/shots/24947962-Recent-Logo-Design-Symbols
popular,27243940,ramotion,https://dribbble.com/shots/26780820-Startup-Branding-Visual-Identity-for-Borea-AI
popular,27243940,calvino_antonio,https://dribbble.com/shots/26646596--From-Archive-Pt-13
popular,27243370,lepisovbranding,https://dribbble.com/shots/26631805-Residia-Logo-and-Hero-Section-Concept
popular,27243370,ronasit,https://dribbble.com/shots/27108491-Luxury-Real-Estate-Agency-Website-UI-Design
popular,27243370,musemindagency,https://dribbble.com/shots/26338893-Norkon-Real-Estate-Landing-Page-Website-Design
popular,27243370,Afterglow-studio,https://dribbble.com/shots/26200093--Formnest-Collective-Modern-Homes
popular,27243370,halolab,https://dribbble.com/shots/25867200-Website-for-a-Real-Estate-Product-Investar
popular,27243370,oneweekwonders,https://dribbble.com/shots/25523635-Terraforma-Green-Architecture-Company-Landing-Page-Animation
popular,27243391,ronasit,https://dribbble.com/shots/27083490-MVP-Landing-Page-for-a-New-SaaS-Product
popular,27243391,Nixtio,https://dribbble.com/shots/27203012-Automation-App-Workflow-No-Code-Mobile-UI
popular,27243391,Afterglow-studio,https://dribbble.com/shots/26867220-OnlyTool-Branding-for-AI-Driven-Platform
popular,27243391,halolab,https://dribbble.com/shots/25937244-Platform-for-an-AI-Productivity-SaaS-Misso
popular,27243391,blacklead-studio,https://dribbble.com/shots/26017012-DropX-Website
popular,27243391,emoteagency,https://dribbble.com/shots/26524685-Chartmogul-dashboard-redesign-before-and-after
popular,27243419,MihaiDolganiuc,https://dribbble.com/shots/26471559-New-Dribbble-Cover
popular,27243419,cresk,https://dribbble.com/shots/26367189-Bunny
popular,27243419,KreaTank,https://dribbble.com/shots/27191531-Rybbit
popular,27243419,vaneltia,https://dribbble.com/shots/26933115-Best-9-Logos-of-2025
popular,27243419,Shalamanov,https://dribbble.com/shots/26812948-Logo-Collection
popular,27243419,ramotion,https://dribbble.com/shots/25961627--Case-Study-Travel-Startup-Branding-for-Holidu
popular,27186249,Nixtio,https://dribbble.com/shots/25305393-AI-Assistant-Mobile-App
popular,27186249,rhdesign1,https://dribbble.com/shots/26604861-AI-assistant-motion-mobile-visual
popular,27186249,oneweekwonders,https://dribbble.com/shots/26219027-CreaMate-ai-AI-Video-Generator-Landing-Page-Animation
popular,27186249,blacklead-studio,https://dribbble.com/shots/26867926-108-io-Website
popular,27186249,heartbeatua,https://dribbble.com/shots/25681557-Caplena-visual-identity-for-AI-product
popular,27186249,contrast8,https://dribbble.com/shots/26163757-osmos-logo-design
popular,27228856,illotv,https://dribbble.com/shots/26299454-At-your-door-Food-delivery-shot
popular,27228856,Bulma-illustrates,https://dribbble.com/shots/26553196-Geometric-shopping-bag-illustration
popular,27228856,manuel-corsi-manu,https://dribbble.com/shots/27217231-Running-Peas
popular,27228856,teamheyo,https://dribbble.com/shots/24643310-Heyo-Pattern
popular,27228856,domotion,https://dribbble.com/shots/25491696-Tacos
popular,27228856,tubik_arts,https://dribbble.com/shots/25764596-Vegetable-Seeds-Brand-Illustrations
popular,27205377,manuel-corsi-manu,https://dribbble.com/shots/26510959-Jellyfish
popular,27205377,cpuentes23,https://dribbble.com/shots/27224669-Magic-Birds-Club
popular,27205377,vaneltia,https://dribbble.com/shots/26935840-Best-9-Illustrations-of-2025
popular,27205377,abdallahmarcos,https://dribbble.com/shots/25659882-Shooting-Ladybug-Make-a-wish-Nagare-Mushi
popular,27205377,catalystvibes,https://dribbble.com/shots/26934520-Snail
popular,27205377,Greg_Grigoriou,https://dribbble.com/shots/27146477-Dino-State-Golf-Illustration
popular,27243936,ramotion,https://dribbble.com/shots/27047801--Case-Study-Enterprise-Website-Design-for-Quantexa
popular,27243936,haloweb,https://dribbble.com/shots/26082227-Website-for-a-Finance-Platform-Utocat
popular,27243936,Tubik,https://dribbble.com/shots/26979414-EcoUnity-Educational-Website-Concept
popular,27243936,Nixtio,https://dribbble.com/shots/27096342-AI-SaaS-Landing-Page-Design
popular,27243936,ronasit,https://dribbble.com/shots/25605774-E-learning-Platform-Landing-Page
popular,27243936,BalkanBrothers,https://dribbble.com/shots/26570239-Yellow-Website-Example
popular,27243233,BalkanBrothers,https://dribbble.com/shots/26687384-Solvd-Brand-Exploration-2
popular,27243233,joshwarren,https://dribbble.com/shots/26253419-Today-Finance-Branding-Art-Direction
popular,27243233,panzestudio,https://dribbble.com/shots/27027424-Zeltra-Logo-and-Branding-Design
popular,27243233,dalius-stuoka,https://dribbble.com/shots/26900129-Logo-Design-Best-of-2025
popular,27243233,lepisovbranding,https://dribbble.com/shots/26781564-Premade-logo-custom-wordmark-for-UXKAN
popular,27243233,SavaStoic,https://dribbble.com/shots/26330311-Campus-Brand-ID
popular,27176287,ramotion,https://dribbble.com/shots/26414267-B2B-SaaS-Landing-Page-Design-for-HackerRank
popular,27176287,Tubik,https://dribbble.com/shots/26575677-Steel-industrial-company-landing-page
popular,27176287,BalkanBrothers,https://dribbble.com/shots/26589878-CloudZero-New-Homepage
popular,27176287,emoteagency,https://dribbble.com/shots/26491628-Waverly-Consulting-landing-page-animation
popular,27176287,blacklead-studio,https://dribbble.com/shots/25742820-Crystal-Website
popular,27176287,Victawille,https://dribbble.com/shots/26951421-Xentia-Features
popular,27243619,SavaStoic,https://dribbble.com/shots/27188303-Iconography
popular,27243619,Kakhadzen,https://dribbble.com/shots/26343364-P-Note
popular,27243619,smiDOT,https://dribbble.com/shots/26648869-Nexeron-Hexagon-Logo
popular,27243619,contrast8,https://dribbble.com/shots/26256123-Osmos
popular,27243619,cresk,https://dribbble.com/shots/26729764-Lion-star
popular,27243619,calvino_antonio,https://dribbble.com/shots/26600996-S-Lettermark-Grid
popular,27244762,jeroenvaneerden,https://dribbble.com/shots/27056372-Denera-Biotech-Logo-Design
popular,27244762,lepisovbranding,https://dribbble.com/shots/26821122-AI-Logo-Concept
popular,27244762,iox,https://dribbble.com/shots/25760238-SMEY-Logo-Design
popular,27244762,contrast8,https://dribbble.com/shots/26587513-morphix
popular,27244762,smiDOT,https://dribbble.com/shots/26838871-Organic-Tech-Brain-Logo
popular,27244762,Dimitry_Mikovic,https://dribbble.com/shots/26882000-PET-Zentrum-Oerlikon-Visual-Identity
popular,27243269,KreaTank,https://dribbble.com/shots/25590388-CropBytes-2d-3d-logo
popular,27243269,Type08,https://dribbble.com/shots/26027917-East-Meats-West
popular,27243269,cpuentes23,https://dribbble.com/shots/27026181-Squirrel-Monkey-Logo
popular,27243269,ivanovsky_alex,https://dribbble.com/shots/26461279-Collection-of-animal-logos
popular,27243269,vaneltia,https://dribbble.com/shots/27210664-Cute-Mole-Mascot-Logo-Design
popular,27243269,dalius-stuoka,https://dribbble.com/shots/25917338-Tanuki-Raccoon-Animal-Logo-Design
popular,27242855,emoteagency,https://dribbble.com/shots/26831302-Clario-home-page
popular,27242855,ronasit,https://dribbble.com/shots/26357714-AI-Personal-Financial-Assistant-Mobile-App
popular,27242855,Nixtio,https://dribbble.com/shots/26891615-Mobile-Banking-App-Design
popular,27242855,ofspaceuxui,https://dribbble.com/shots/25873809-Personal-Finance-Mobile-Banking-App
popular,27242855,extej,https://dribbble.com/shots/25626575-Mobile-UIUX-Design-for-Auto-Investing-Portfolio-Management-App
popular,27242855,Afterglow-studio,https://dribbble.com/shots/26099064-Crypto-Banking-Zenix-Branding
popular,26824916,cuberto,https://dribbble.com/shots/27147878-FIND-RealEstate-UX-UI-Design-Development
popular,26824916,Nixtio,https://dribbble.com/shots/25551949-Real-Estate-Web-Design
popular,26824916,rholesinsky,https://dribbble.com/shots/26423354-Real-estate-platform-website-card-motion
popular,26824916,ronasit,https://dribbble.com/shots/27108491-Luxury-Real-Estate-Agency-Website-UI-Design
popular,26824916,Afterglow-studio,https://dribbble.com/shots/26200093--Formnest-Collective-Modern-Homes
popular,26824916,musemindagency,https://dribbble.com/shots/26327987-Real-Estate-Website
popular,27245015,Nixtio,https://dribbble.com/shots/26496959-AI-Assistant-Dashboard-Design
popular,27245015,Afterglow-studio,https://dribbble.com/shots/25963980-Branding-for-NeoAI-your-intelligent-personal-assistant
popular,27245015,georai,https://dribbble.com/shots/26611697-Redefining-Human-AI-Collaboration
popular,27245015,shakuro,https://dribbble.com/shots/26299029-Prime-Chat-AI-Mobile-Assistant-UI-UX-Design-for-Task-Automation
popular,27245015,ofspaceuxui,https://dribbble.com/shots/26185189-Smart-AI-Agent-Mobile-App-Ui-Design-Concept
popular,27245015,oneweekwonders,https://dribbble.com/shots/25689699-VisioAI-AI-Consulting-Company-Landing-Page-Website
popular,27195898,studioMUTI,https://dribbble.com/shots/27045507-Retirement-Bliss
popular,27195898,Kristiina,https://dribbble.com/shots/26297271-Still-Life-Illustration
popular,27195898,Friedcactusstudio,https://dribbble.com/shots/26101740-The-Everyman
popular,27195898,tubik_arts,https://dribbble.com/shots/25876566-Summer-Dreams-Digital-Illustration
popular,27195898,DSGN89,https://dribbble.com/shots/26727527-Gastronomika
popular,27195898,teamheyo,https://dribbble.com/shots/24426644-Heyo-Summer
popular,27244538,Nixtio,https://dribbble.com/shots/27203122-Kids-Learning-App-UI-Gamified-Education
popular,27244538,ramotion,https://dribbble.com/shots/26544442--Case-Study-SaaS-UI-UX-Design-for-Upstream
popular,27244538,emoteagency,https://dribbble.com/shots/26869558-Investment-app-interaction
popular,27244538,GeexArts,https://dribbble.com/shots/26838897-Music-for-Nature
popular,27244538,halolab,https://dribbble.com/shots/25720487-Dashboard-for-an-Education-Product-Golf-Pro
popular,27244538,ronasit,https://dribbble.com/shots/25742426-Fintech-Web-App-Design
popular,27244467,Nixtio,https://dribbble.com/shots/25711610-AI-Assistant-App-Design
popular,27244467,cuberto,https://dribbble.com/shots/25578623-Chilbot-Motion-Design
popular,27244467,Afterglow-studio,https://dribbble.com/shots/25963980-Branding-for-NeoAI-your-intelligent-personal-assistant
popular,27244467,georai,https://dribbble.com/shots/26611697-Redefining-Human-AI-Collaboration
popular,27244467,ofspaceuxui,https://dribbble.com/shots/26185189-Smart-AI-Agent-Mobile-App-Ui-Design-Concept
popular,27244467,rholesinsky,https://dribbble.com/shots/26834243-Animated-bento-grid-cards
popular,27244381,panzestudio,https://dribbble.com/shots/27041048-Taktix-Logo-and-Brand-Identity-Design
popular,27244381,BalkanBrothers,https://dribbble.com/shots/26687384-Solvd-Brand-Exploration-2
popular,27244381,dalius-stuoka,https://dribbble.com/shots/26900129-Logo-Design-Best-of-2025
popular,27244381,jeroenvaneerden,https://dribbble.com/shots/27013730-Sproutly-Logo-Design
popular,27244381,lepisovbranding,https://dribbble.com/shots/25511334-VCC-Unused-Logo-Design-Concept
popular,27244381,smiDOT,https://dribbble.com/shots/26679725-W-Logo-Concept
popular,27244885,BalkanBrothers,https://dribbble.com/shots/26687384-Solvd-Brand-Exploration-2
popular,27244885,panzestudio,https://dribbble.com/shots/27027424-Zeltra-Logo-and-Branding-Design
popular,27244885,dalius-stuoka,https://dribbble.com/shots/26900129-Logo-Design-Best-of-2025
popular,27244885,ramotion,https://dribbble.com/shots/27076053-Enterprise-Logo-Design-Visual-Identity-for-Murf-Ai
popular,27244885,ErikPadamans,https://dribbble.com/shots/26702921-Rehammered-Logo-Design-Concept
popular,27244885,SavaStoic,https://dribbble.com/shots/26983017-Letter-A
popular,27242513,lepisovbranding,https://dribbble.com/shots/26018312-UX-Logo-Icon-Concept
popular,27242513,lepisov,https://dribbble.com/shots/25844194-Chat-GPT-4-Branding-Concept
popular,27242513,heartbeatua,https://dribbble.com/shots/25513811-LLM-GPU-Manager
popular,27242513,contrast8,https://dribbble.com/shots/26187648-Solayer
popular,27242513,shakuro,https://dribbble.com/shots/26472123-AI-Coding-Assistant-SaaS-Design
popular,27242513,smiDOT,https://dribbble.com/shots/26675833-Hyonix-Logo-Design-Concept
popular,27244132,halolab,https://dribbble.com/shots/26377101-Dashboard-for-a-Productivity-SaaS-Ruanta
popular,27244132,Nixtio,https://dribbble.com/shots/26208204-Home-Page-Design-Marketing-Agency
popular,27244132,Tubik,https://dribbble.com/shots/27029480-Cliento-Client-Portal-SaaS-Landing-Page
popular,27244132,ramotion,https://dribbble.com/shots/27143785-B2B-SaaS-UI-UX-Design-for-Murf-Ai
popular,27244132,emoteagency,https://dribbble.com/shots/26408113-Chartmogul-CRM-platform-redesign
popular,27244132,blacklead-studio,https://dribbble.com/shots/26017012-DropX-Website
popular,27243377,lepisovbranding,https://dribbble.com/shots/26388259-7Up-Can-Redesign-Concept
popular,27243377,Type08,https://dribbble.com/shots/26851674-Yovi-Artisan-Tea
popular,27243377,Aditya-Chhatrala,https://dribbble.com/shots/27150756-Kinto-wordmark-logo-design-for-flavored-Soda-Beverage-Brand
popular,27243377,ethnfndr,https://dribbble.com/shots/26084362-Cherry-cocktail-I
popular,27243377,marcato,https://dribbble.com/shots/26465732-Soda-bottle-packaging-design
popular,27243377,tubik_arts,https://dribbble.com/shots/25136064-Wine-Brand-Packaging-Illustration-Rosato
popular,27243205,Tubik,https://dribbble.com/shots/26682683-Case-Study-Website-Design-for-EternaCloud
popular,27243205,ronasit,https://dribbble.com/shots/25640496-Crypto-App-Landing-Page
popular,27243205,Victawille,https://dribbble.com/shots/25661680-heexo-webdesign
popular,27243205,emoteagency,https://dribbble.com/shots/25757294-Blockio-landing-page-interaction
popular,27243205,ramotion,https://dribbble.com/shots/26300694-Venom-Button-UI-UX-Design-Exploration-for-Web-Services
popular,27243205,BalkanBrothers,https://dribbble.com/shots/26589878-CloudZero-New-Homepage
popular,27210613,Nixtio,https://dribbble.com/shots/25792037-Travel-Booking-Platform-Design
popular,27210613,emoteagency,https://dribbble.com/shots/27042007-Hotel-app
popular,27210613,GeexArts,https://dribbble.com/shots/27177096-AI-trip-planning
popular,27210613,designyow,https://dribbble.com/shots/25587930-Travel-Itinerary-Onboarding
popular,27210613,ionuss,https://dribbble.com/shots/26657584-Travel-Guides-Dashboard
popular,27210613,tino-design,https://dribbble.com/shots/26212056-Travel-Planner-App-UI
popular,27244332,ramotion,https://dribbble.com/shots/26887149--Case-Study-Startup-Branding-Visual-Identity-for-Borea-AI
popular,27244332,SavaStoic,https://dribbble.com/shots/26330311-Campus-Brand-ID
popular,27244332,Tubik,https://dribbble.com/shots/26726083-The-Little-Campus-Visual-Identity
popular,27244332,MihaiDolganiuc,https://dribbble.com/shots/27174960-Lingrow-Visual-Identity
popular,27244332,BalkanBrothers,https://dribbble.com/shots/26687384-Solvd-Brand-Exploration-2
popular,27244332,joshwarren,https://dribbble.com/shots/26307239-DSC-Labs-Mini-Brand-Guidelines
popular,27244961,Nixtio,https://dribbble.com/shots/26900032-Automation-Mobile-App-Design
popular,27244961,emoteagency,https://dribbble.com/shots/26599354-Spark-responsive-dashboard
popular,27244961,Tubik,https://dribbble.com/shots/26795511-Case-Study-AI-Powered-App-for-Restaurant
popular,27244961,ramotion,https://dribbble.com/shots/26222009-Fintech-Web-App-Analytics-Dashboard-Design-for-Borea-AI
popular,27244961,BalkanBrothers,https://dribbble.com/shots/26570254-Yellow-Product-Visuals-System
popular,27244961,georai,https://dribbble.com/shots/25822749-AI-Generated-Camera-View-Dashboard
popular,27243109,Nixtio,https://dribbble.com/shots/25952601-Device-Management-Dashboard-UI
popular,27243109,ramotion,https://dribbble.com/shots/26076624-B2B-Dashboard-Web-App-UI-UX-Design-for-Carbon-Solutions
popular,27243109,emoteagency,https://dribbble.com/shots/26630827-Qlik-redesign
popular,27243109,Afterglow-studio,https://dribbble.com/shots/26867220-OnlyTool-Branding-for-AI-Driven-Platform
popular,27243109,halolab,https://dribbble.com/shots/26359529-Dashboard-for-a-Productivity-SaaS-Taskly
popular,27243109,georai,https://dribbble.com/shots/24803139-Automation-Management-Dashboard-Robodog
popular,27245016,vaneltia,https://dribbble.com/shots/27210664-Cute-Mole-Mascot-Logo-Design
popular,27245016,contrast8,https://dribbble.com/shots/26197927-auracat-logo-design
popular,27245016,dalius-stuoka,https://dribbble.com/shots/25917338-Tanuki-Raccoon-Animal-Logo-Design
popular,27245016,manuel-corsi-manu,https://dribbble.com/shots/27116413-Raena-ai-Monkey-Mascot
popular,27245016,KreaTank,https://dribbble.com/shots/27191531-Rybbit
popular,27245016,RaduLucian,https://dribbble.com/shots/27206502-Geometric-Cat-Logo
popular,27081508,wegrowsubscription,https://dribbble.com/shots/26503082-MegaHR-animated-poster
popular,27081508,joshwarren,https://dribbble.com/shots/25987123-AI-Security
popular,27081508,BalkanBrothers,https://dribbble.com/shots/26687384-Solvd-Brand-Exploration-2
popular,27081508,Nixtio,https://dribbble.com/shots/26900032-Automation-Mobile-App-Design
popular,27081508,Afterglow-studio,https://dribbble.com/shots/25963980-Branding-for-NeoAI-your-intelligent-personal-assistant
popular,27081508,lepisov,https://dribbble.com/shots/25844194-Chat-GPT-4-Branding-Concept
popular,27242276,emoteagency,https://dribbble.com/shots/26892210-Rivern-platform-home-page-interaction
popular,27242276,Nixtio,https://dribbble.com/shots/25268377-HR-Web-Platform
popular,27242276,anton_olashyn,https://dribbble.com/shots/24559354-AI-Recruiting-Software
popular,27242276,outcrowd,https://dribbble.com/shots/27019484-Developer-Marketplace-SaaS-UI
popular,27242276,dipainhouse,https://dribbble.com/shots/25842506-Zenwork-Employee-Dashboard
popular,27242276,ronasit,https://dribbble.com/shots/25477276-Recruitment-Web-App
popular,27244097,GeexArts,https://dribbble.com/shots/26838897-Music-for-Nature
popular,27244097,Nixtio,https://dribbble.com/shots/26230174-Profile-UI-Social-App-Design
popular,27244097,ronasit,https://dribbble.com/shots/26973702-Onboarding-Flow-for-a-Startup-s-Mobile-App
popular,27244097,Tubik,https://dribbble.com/shots/26682683-Case-Study-Website-Design-for-EternaCloud
popular,27244097,emoteagency,https://dribbble.com/shots/26869558-Investment-app-interaction
popular,27244097,ramotion,https://dribbble.com/shots/26544442--Case-Study-SaaS-UI-UX-Design-for-Upstream
popular,27243569,agilie,https://dribbble.com/shots/25851176-Interactive-Speed-Slider
popular,27243569,djordjevanjek,https://dribbble.com/shots/25183999--Card-hover
popular,27243569,tranmautritam,https://dribbble.com/shots/26376234-Getting-Started-Left-or-Right
popular,27243569,Tubik,https://dribbble.com/shots/26859958-UX-Kitch-Vol-03
popular,27243569,ionuss,https://dribbble.com/shots/26485852-Header-interaction
popular,27243569,virgilpana,https://dribbble.com/shots/25882999-Expandable-Notification-Toast-with-timer-for-Saas-App-Dashboard
popular,27244053,KreativaStudio,https://dribbble.com/shots/26652641-SpendConsole-Illustrations-2
popular,27244053,Nixtio,https://dribbble.com/shots/26828512-Payoneer-Website-Redesign
popular,27244053,BalkanBrothers,https://dribbble.com/shots/26683610-SquareWorks-Hero-Animation
popular,27244053,wegrowsubscription,https://dribbble.com/shots/26572158-Coral-Billing-UI
popular,27244053,montyhayton,https://dribbble.com/shots/25955973-Invoicing-tool-pt-2
popular,27244053,Afterglow-studio,https://dribbble.com/shots/26219895-Volio-Crypto-Banking-website
popular,27230103,rholesinsky,https://dribbble.com/shots/26211061-Sidebar-navigation-expansion-animation
popular,27230103,UI8,https://dribbble.com/shots/26166331-Sidebar-for-Brainwave-2-0
popular,27230103,ionuss,https://dribbble.com/shots/26559523-Clean-Sidebar-Navigation
popular,27230103,heartbeatua,https://dribbble.com/shots/25618236-Sidebar-Quick-Actions-Integrations
popular,27230103,Sergushkin_Dmitry,https://dribbble.com/shots/25542962-Sidebar-Design-Light-mode
popular,27230103,montyhayton,https://dribbble.com/shots/25691832-Signvault-Side-Panel
popular,27243392,vaneltia,https://dribbble.com/shots/26809514-Bird-Logotype
popular,27243392,MihaiDolganiuc,https://dribbble.com/shots/26471559-New-Dribbble-Cover
popular,27243392,contrast8,https://dribbble.com/shots/26197927-auracat-logo-design
popular,27243392,iox,https://dribbble.com/shots/25484710-Outside-the-Box-Logo-Design
popular,27243392,KreaTank,https://dribbble.com/shots/25467606-Round-Robin
popular,27243392,bradcuzen,https://dribbble.com/shots/24989516-It-s-Been-A-While-Crocodile
popular,27243001,Nixtio,https://dribbble.com/shots/26395268-Crypto-Dashboard-UI-for-Portfolio-Tracking
popular,27243001,emoteagency,https://dribbble.com/shots/26750961-EXLM-p2p-orders-crypto-dashboard
popular,27243001,fulcrum_design,https://dribbble.com/shots/26625918-Crypto-Trading-Dashboard-Design
popular,27243001,shakuro,https://dribbble.com/shots/25468537-Crypto-Finance-App-UI-UX-Design
popular,27243001,ui_migulko,https://dribbble.com/shots/26946375-Invest-app-interaction
popular,27243001,extej,https://dribbble.com/shots/25679999-Crypto-AI-Staking-Investment-Dashboard-Design
popular,27244788,Type08,https://dribbble.com/shots/27001752-Lost-Spaceman
popular,27244788,studioMUTI,https://dribbble.com/shots/25994705-The-Neovision-Way
popular,27244788,manuel-corsi-manu,https://dribbble.com/shots/26413752-Rainbow-Space-Dragon
popular,27244788,vaneltia,https://dribbble.com/shots/26735538-Sleeping-Astronaut-Lion
popular,27244788,catalystvibes,https://dribbble.com/shots/26544013-Alien-Character-Designs
popular,27244788,WOLF_STEVE,https://dribbble.com/shots/25330754-Journey-Group-Space
popular,27133554,Afterglow-studio,https://dribbble.com/shots/27042736-TymTu-Actionable-Genetic-Health-Platform
popular,27133554,Type08,https://dribbble.com/shots/27105494-Thesys-Biotech-Logo
popular,27133554,dipainhouse,https://dribbble.com/shots/27213127-Kusuri-io-Biotech-AI-Drug-Discovery-Landing-Page
popular,27133554,lepisovbranding,https://dribbble.com/shots/26821122-AI-Logo-Concept
popular,27133554,samoctav,https://dribbble.com/shots/26496773-xymera-AI-Oncology-Drug-Discovery-Statistics-Charts-UI
popular,27133554,jeroenvaneerden,https://dribbble.com/shots/27056372-Denera-Biotech-Logo-Design
popular,27243590,emoteagency,https://dribbble.com/shots/26630827-Qlik-redesign
popular,27243590,Nixtio,https://dribbble.com/shots/26900032-Automation-Mobile-App-Design
popular,27243590,Tubik,https://dribbble.com/shots/26795511-Case-Study-AI-Powered-App-for-Restaurant
popular,27243590,BalkanBrothers,https://dribbble.com/shots/26605786-CloudZero-Design-Exploration
popular,27243590,georai,https://dribbble.com/shots/26611697-Redefining-Human-AI-Collaboration
popular,27243590,ionuss,https://dribbble.com/shots/26657584-Travel-Guides-Dashboard
popular,27242632,wegrowsubscription,https://dribbble.com/shots/25955633-3D-logo-and-illustration
popular,27242632,georgefinnbogason,https://dribbble.com/shots/25850692-Particles-Exploration-2025
popular,27242632,vividmotion,https://dribbble.com/shots/25967086-Ryder-Lasting-Security-Animated-Illustration
popular,27242632,abdallahmarcos,https://dribbble.com/shots/25821987-Cyber-Extrusion-Merch-Custom-T-shirt
popular,27242632,teamheyo,https://dribbble.com/shots/26034489-Mighty-Hero-Illustration
popular,27242632,blacklead-studio,https://dribbble.com/shots/26489350-Frmt-Alphabet-Rock-Glass
popular,27244400,studioMUTI,https://dribbble.com/shots/26119830-The-Glamour-of-the-Jazz-Age
popular,27244400,RaduLucian,https://dribbble.com/shots/26529245-Stylish-Duck-In-Suit-Logo
popular,27244400,designbyangie,https://dribbble.com/shots/25983369--The-Great-Gatsby-Book-cover
popular,27244400,Folio,https://dribbble.com/shots/24995842-Masquerade-Ball
popular,27244400,jordanwilson,https://dribbble.com/shots/25183453-Gig-Poster-Ibibio-Sound-Machine
popular,27244400,almigor,https://dribbble.com/shots/27083920-Wedding-Icon-set
popular,27243283,cresk,https://dribbble.com/shots/26367189-Bunny
popular,27243283,ramotion,https://dribbble.com/shots/25903662-Startup-Branding-for-Holidu-visual-identity-brand-design
popular,27243283,vaneltia,https://dribbble.com/shots/26838267-Hound-Wordmark-Logo
popular,27243283,ErikPadamans,https://dribbble.com/shots/26702921-Rehammered-Logo-Design-Concept
popular,27243283,dalius-stuoka,https://dribbble.com/shots/25917338-Tanuki-Raccoon-Animal-Logo-Design
popular,27243283,SavaStoic,https://dribbble.com/shots/25886931-Octopus
popular,27243778,Nixtio,https://dribbble.com/shots/26900032-Automation-Mobile-App-Design
popular,27243778,lepisovbranding,https://dribbble.com/shots/26657698-Letter-C-Funnel-Piechart-Logo-Concept
popular,27243778,panzestudio,https://dribbble.com/shots/26945843-Sinline-Workflow-Automation-Platform
popular,27243778,contrast8,https://dribbble.com/shots/26163757-osmos-logo-design
popular,27243778,ofspaceuxui,https://dribbble.com/shots/26295527-Samfund-AI-Driven-Fintech-Support-Landing-Page-UI-Design
popular,27243778,emoteagency,https://dribbble.com/shots/26491561-Chartmogul-redesign-saas-dashboard
popular,27242833,smiDOT,https://dribbble.com/shots/26536414-FrameLabs-TechWear-Fashion
popular,27242833,calvino_antonio,https://dribbble.com/shots/26592852-S-Lettermak-Exploration
popular,27242833,logoholik,https://dribbble.com/shots/25726739-Zapata
popular,27242833,Kakhadzen,https://dribbble.com/shots/27071984-ES-Monogram
popular,27242833,vaneltia,https://dribbble.com/shots/26809514-Bird-Logotype
popular,27242833,iox,https://dribbble.com/shots/27191804-Geometric-L-Logo-For-Sale
popular,27243159,contrast8,https://dribbble.com/shots/27120514-collaboris
popular,27243159,cresk,https://dribbble.com/shots/26299121-D
popular,27243159,lepisovbranding,https://dribbble.com/shots/26223609-Letter-C-Abstract-Logo
popular,27243159,calvino_antonio,https://dribbble.com/shots/26767248--From-Archive-Pt-15
popular,27243159,iox,https://dribbble.com/shots/27147758-Abstract-H-Logo-Design-For-Sale
popular,27243159,ethnfndr,https://dribbble.com/shots/25826915-G1-12
popular,27244488,dalius-stuoka,https://dribbble.com/shots/24908297-HomeMaker-Logo-Design-Animated
popular,27244488,contrast8,https://dribbble.com/shots/26256123-Osmos
popular,27244488,lepisovbranding,https://dribbble.com/shots/26223609-Letter-C-Abstract-Logo
popular,27244488,cresk,https://dribbble.com/shots/25796446-S-mark
popular,27244488,Kakhadzen,https://dribbble.com/shots/25680095-Letter-a
popular,27244488,MihaiDolganiuc,https://dribbble.com/shots/26601074-New-Logo-Design-Collection
popular,27245420,MihaiDolganiuc,https://dribbble.com/shots/26471559-New-Dribbble-Cover
popular,27245420,panzestudio,https://dribbble.com/shots/26999740-Webtic-Logo-and-Branding-Design
popular,27245420,studioMUTI,https://dribbble.com/shots/26975120-Living-for-the-Summer-vibes
popular,27245420,ethnfndr,https://dribbble.com/shots/26939179-Happy-New-Year
popular,27245420,dalius-stuoka,https://dribbble.com/shots/26187594-Jovy-Text-Logo-Design-Wordmark-Custom-Typography
popular,27245420,contrast8,https://dribbble.com/shots/26644285-Peakflare
popular,27242322,ronasit,https://dribbble.com/shots/26849814-Fintech-Investment-Portfolio-Mobile-App
popular,27242322,Nixtio,https://dribbble.com/shots/26522978-Smart-Real-Estate-Dashboard-UI
popular,27242322,Tubik,https://dribbble.com/shots/26795511-Case-Study-AI-Powered-App-for-Restaurant
popular,27242322,Afterglow-studio,https://dribbble.com/shots/26219895-Volio-Crypto-Banking-website
popular,27242322,ramotion,https://dribbble.com/shots/26222009-Fintech-Web-App-Analytics-Dashboard-Design-for-Borea-AI
popular,27242322,georai,https://dribbble.com/shots/26674718-Stardog-Voicebox-Conversational-AI-for-Financial-Insights
new_noteworthy,27244581,emoteagency,https://dribbble.com/shots/25674639-Fitme-home-landing-page
new_noteworthy,27244581,Nixtio,https://dribbble.com/shots/26985959-Health-Monitoring-Dashboard-UI-Design
new_noteworthy,27244581,Afterglow-studio,https://dribbble.com/shots/26498127-Wellio-Fitness-tracking-app
new_noteworthy,27244581,Tubik,https://dribbble.com/shots/27084626-Analytics-Dashboard-for-The-Workplace-Wellness-Platform
new_noteworthy,27244581,halolab,https://dribbble.com/shots/26367848-Dashboard-for-a-Fitness-SaaS-Feelio
new_noteworthy,27244581,oneweekwonders,https://dribbble.com/shots/26708776-Sensia-Personal-AI-Fitness-Tracker-Landing-Page-Website
new_noteworthy,27242407,montyhayton,https://dribbble.com/shots/26779802-Light-Charting
new_noteworthy,27242407,emoteagency,https://dribbble.com/shots/27020500-NFT-Portfolio-Analytics-Dashboard
new_noteworthy,27242407,georai,https://dribbble.com/shots/26950750-A-Live-Intelligence-Interface-for-Stadium-Operations
new_noteworthy,27242407,Nixtio,https://dribbble.com/shots/26097808-Dashboard-Design-Employee-Onboarding-Platform
new_noteworthy,27242407,heartbeatua,https://dribbble.com/shots/25748587-Caplena-Insight-elements
new_noteworthy,27242407,djordjevanjek,https://dribbble.com/shots/25104829--Table-Details
new_noteworthy,27218544,Nixtio,https://dribbble.com/shots/26798844-World-Time-Mobile-App-UI-Design
new_noteworthy,27218544,GeexArts,https://dribbble.com/shots/26397360-Create-AI-App
new_noteworthy,27218544,UI8,https://dribbble.com/shots/25386350-Time-Tracking
new_noteworthy,27218544,emoteagency,https://dribbble.com/shots/27021491-OMO-Productivity-Hub-App
new_noteworthy,27218544,budiartidesign,https://dribbble.com/shots/26089992-Habit-Tracker-Mobile-App
new_noteworthy,27218544,ronasit,https://dribbble.com/shots/25708448-Flight-Tracking-Mobile-App-UI-Design
new_noteworthy,27242666,MihaiDolganiuc,https://dribbble.com/shots/27115422-Combination-Marks-Collection
new_noteworthy,27242666,contrast8,https://dribbble.com/shots/26577842-Whitehorn
new_noteworthy,27242666,dalius-stuoka,https://dribbble.com/shots/26900129-Logo-Design-Best-of-2025
new_noteworthy,27242666,iox,https://dribbble.com/shots/25764643-Abstract-S-Logo-Design
new_noteworthy,27242666,vaneltia,https://dribbble.com/shots/26933115-Best-9-Logos-of-2025
new_noteworthy,27242666,smiDOT,https://dribbble.com/shots/26757788-Future-Tech-Logo-Icon
new_noteworthy,27241956,nathanyoder,https://dribbble.com/shots/23858364-G-K-Chesterton
new_noteworthy,27241956,kenjacobsen,https://dribbble.com/shots/26755088-My-logo-illustration-for-Levi-s-proposed-rebranding
new_noteworthy,27241956,Yeoldestudio,https://dribbble.com/shots/26252289-Latimer-Farm
new_noteworthy,27241956,studioMUTI,https://dribbble.com/shots/26404454-The-Mouse-the-Bird-and-the-Sausage
new_noteworthy,27241956,Dalibass,https://dribbble.com/shots/26574347-Portrait-illustration-Ricky-Gervais
new_noteworthy,27241956,KendrickKidd,https://dribbble.com/shots/26083223-Illustration
new_noteworthy,27240333,oneweekwonders,https://dribbble.com/shots/25995753-Novure-Fashion-Online-Store-e-Commerce-Landing-Page-Animation
new_noteworthy,27240333,Nixtio,https://dribbble.com/shots/26896910-Jewelry-Store-Website-UI-Design
new_noteworthy,27240333,blacklead-studio,https://dribbble.com/shots/26186468-OVVA-Website
new_noteworthy,27240333,ronasit,https://dribbble.com/shots/26974529-Fashion-E-commerce-Website-Design
new_noteworthy,27240333,shakuro,https://dribbble.com/shots/26825139-Ecommerce-Website-Design-for-Skincare-Brand
new_noteworthy,27240333,ofspaceuxui,https://dribbble.com/shots/24866530-E-commerce-Website-2024
new_noteworthy,27242662,Nixtio,https://dribbble.com/shots/26081670-Dashboard-UI-Design-AI-Assistant
new_noteworthy,27242662,halolab,https://dribbble.com/shots/26359529-Dashboard-for-a-Productivity-SaaS-Taskly
new_noteworthy,27242662,ofspaceuxui,https://dribbble.com/shots/26980618-Project-Management-Dashboard-UI-Task-Modal
new_noteworthy,27242662,ronasit,https://dribbble.com/shots/27083490-MVP-Landing-Page-for-a-New-SaaS-Product
new_noteworthy,27242662,Afterglow-studio,https://dribbble.com/shots/25446928-Freedcamp-UI-UX-Design-for-Project-Management-Platform
new_noteworthy,27242662,emoteagency,https://dribbble.com/shots/26630827-Qlik-redesign
new_noteworthy,27242541,dalius-stuoka,https://dribbble.com/shots/25936398-Geometric-M-Logo-Design-Letter-Monogram
new_noteworthy,27242541,contrast8,https://dribbble.com/shots/26529003-Logo-collection
new_noteworthy,27242541,ashfuqhridoy,https://dribbble.com/shots/26977336-Webtic-Wordmark-Logo-Design
new_noteworthy,27242541,iox,https://dribbble.com/shots/27191804-Geometric-L-Logo-For-Sale
new_noteworthy,27242541,panzestudio,https://dribbble.com/shots/26999740-Webtic-Logo-and-Branding-Design
new_noteworthy,27242541,vaneltia,https://dribbble.com/shots/26809514-Bird-Logotype
new_noteworthy,27239735,Nixtio,https://dribbble.com/shots/25922326-AI-Video-Editor-Interface
new_noteworthy,27239735,phenomenonstudio,https://dribbble.com/shots/27171472-Video-Editor-Mobile-App-Design-Feelsy
new_noteworthy,27239735,ErikPadamans,https://dribbble.com/shots/26521377-Hyper-Desktop-Vtube-App-Toolbar-Pen-Tool-Exploration
new_noteworthy,27239735,Afterglow-studio,https://dribbble.com/shots/26627775-Echo-An-AI-powered-video-generation-App
new_noteworthy,27239735,ezheviiika,https://dribbble.com/shots/27010578-Short-Video-Meme-Maker-Mobile-App-Design
new_noteworthy,27239735,panzestudio,https://dribbble.com/shots/25235357-AI-Video-Creating-Software-Landing-Page
new_noteworthy,27239258,Nixtio,https://dribbble.com/shots/26678790-Smart-Home-Control-Dashboard-3D-Interface
new_noteworthy,27239258,agilie,https://dribbble.com/shots/26158016-Smart-Home-App
new_noteworthy,27239258,purrwebui,https://dribbble.com/shots/26080837-Smart-Home-Management-App-Design-Concept
new_noteworthy,27239258,GeexArts,https://dribbble.com/shots/26659172-Data-AI-Device
new_noteworthy,27239258,ramotion,https://dribbble.com/shots/27082991-Energy-Utilities-Mobile-App-Design-for-Shorelines
new_noteworthy,27239258,halolab,https://dribbble.com/shots/26900486-Dashboard-for-a-IoT-Product-Aerix
new_noteworthy,27237739,Nixtio,https://dribbble.com/shots/25305393-AI-Assistant-Mobile-App
new_noteworthy,27237739,oneweekwonders,https://dribbble.com/shots/24753137-Syncra-AI-Artificial-Intelligence-Voice-Command-Mobile-App
new_noteworthy,27237739,nugrahajatiutama,https://dribbble.com/shots/25233213-VerbaVault-Tablet-App-Design
new_noteworthy,27237739,rholesinsky,https://dribbble.com/shots/27215367-AI-tutoring-mobile-app-to-learn-languages
new_noteworthy,27237739,rhdesign1,https://dribbble.com/shots/26604861-AI-assistant-motion-mobile-visual
new_noteworthy,27237739,shakuro,https://dribbble.com/shots/26472123-AI-Coding-Assistant-SaaS-Design
new_noteworthy,27238410,Nixtio,https://dribbble.com/shots/26191200-Dashboard-UI-Design-for-Automation-Platform
new_noteworthy,27238410,ofspaceuxui,https://dribbble.com/shots/25505825-Codesk-Project-Management-CRM-Platform
new_noteworthy,27238410,halolab,https://dribbble.com/shots/26359529-Dashboard-for-a-Productivity-SaaS-Taskly
new_noteworthy,27238410,Afterglow-studio,https://dribbble.com/shots/27148960-UI-UX-Design-for-AppFlowly-CRM-AI-collaborative-workspace
new_noteworthy,27238410,emoteagency,https://dribbble.com/shots/27020490-Sync-Sphere-Productivity-App-Landing-Page
new_noteworthy,27238410,ronasit,https://dribbble.com/shots/27083490-MVP-Landing-Page-for-a-New-SaaS-Product
new_noteworthy,27239427,Gotoinc,https://dribbble.com/shots/26284998-Molecular-Health-Insigh-Dashboard
new_noteworthy,27239427,ramotion,https://dribbble.com/shots/26656460-Enterprise-UI-UX-Design-for-Quantexa
new_noteworthy,27239427,ronasit,https://dribbble.com/shots/26280035-Habit-Tracking-Mobile-App-Design
new_noteworthy,27239427,Nixtio,https://dribbble.com/shots/26808268-Mobile-App-Design-ECG-Heart-Rate-Monitoring-UI
new_noteworthy,27239427,plat4m,https://dribbble.com/shots/26865005-FlowNest-Productivity-UI
new_noteworthy,27239427,budiartidesign,https://dribbble.com/shots/25916462-AI-Assistant-App
new_noteworthy,27240904,Nixtio,https://dribbble.com/shots/26911874-Mindfulness-Mobile-App-Design
new_noteworthy,27240904,jeroenvaneerden,https://dribbble.com/shots/26362320-VIORA-LOGO-DESIGN
new_noteworthy,27240904,phenomenonstudio,https://dribbble.com/shots/26661884-Mental-Health-Clinic-Web-Design-Bloom
new_noteworthy,27240904,blacklead-studio,https://dribbble.com/shots/26105720-Floya-Mobile-App
new_noteworthy,27240904,joshwarren,https://dribbble.com/shots/25061233-Storyboard-Exploration
new_noteworthy,27240904,Afterglow-studio,https://dribbble.com/shots/26371304-Eleven-Eleven-Wellness-Center-Website
new_noteworthy,27239944,ramotion,https://dribbble.com/shots/26414267-B2B-SaaS-Landing-Page-Design-for-HackerRank
new_noteworthy,27239944,Nixtio,https://dribbble.com/shots/27096342-AI-SaaS-Landing-Page-Design
new_noteworthy,27239944,halolab,https://dribbble.com/shots/25937244-Platform-for-an-AI-Productivity-SaaS-Misso
new_noteworthy,27239944,emoteagency,https://dribbble.com/shots/26408113-Chartmogul-CRM-platform-redesign
new_noteworthy,27239944,BalkanBrothers,https://dribbble.com/shots/26570239-Yellow-Website-Example
new_noteworthy,27239944,Tubik,https://dribbble.com/shots/26795511-Case-Study-AI-Powered-App-for-Restaurant
new_noteworthy,27239416,halolab,https://dribbble.com/shots/26763348-Platform-for-a-Healthcare-SaaS-Revivo
new_noteworthy,27239416,ionuss,https://dribbble.com/shots/26657584-Travel-Guides-Dashboard
new_noteworthy,27239416,Fireart-d,https://dribbble.com/shots/26442702-Car-subscription-platform
new_noteworthy,27239416,ramotion,https://dribbble.com/shots/27143785-B2B-SaaS-UI-UX-Design-for-Murf-Ai
new_noteworthy,27239416,Tubik,https://dribbble.com/shots/27037103-Cliento-Landing-Page-Mobile-App-Concept
new_noteworthy,27239416,ronasit,https://dribbble.com/shots/26588870-Home-Services-Marketplace-Mobile-App
new_noteworthy,27239185,Nixtio,https://dribbble.com/shots/26504813-Dare-Challenges-App-with-Interactive-UI
new_noteworthy,27239185,emoteagency,https://dribbble.com/shots/27021491-OMO-Productivity-Hub-App
new_noteworthy,27239185,budiartidesign,https://dribbble.com/shots/26089992-Habit-Tracker-Mobile-App
new_noteworthy,27239185,GeexArts,https://dribbble.com/shots/26621191-AI-Calendar
new_noteworthy,27239185,ronasit,https://dribbble.com/shots/25272377-Habit-Tracker-App
new_noteworthy,27239185,ramotion,https://dribbble.com/shots/26656585-SaaS-Mobile-App-Design-for-Upstream
new_noteworthy,27232192,ronasit,https://dribbble.com/shots/27083490-MVP-Landing-Page-for-a-New-SaaS-Product
new_noteworthy,27232192,ionuss,https://dribbble.com/shots/26700790-Promote-Your-Business-Dashboard-Card-UI
new_noteworthy,27232192,Nixtio,https://dribbble.com/shots/26700967-Social-Dares-Mobile-App-UI
new_noteworthy,27232192,emoteagency,https://dribbble.com/shots/27004709-Socials-Analytics-Landing-Page
new_noteworthy,27232192,GeexArts,https://dribbble.com/shots/27034924-Runway-Video-Marketplace
new_noteworthy,27232192,jordanhughes,https://dribbble.com/shots/25707189-Sell-globally-Untitled-UI
new_noteworthy,27240164,Nixtio,https://dribbble.com/shots/25251071-Trip-Planner-App
new_noteworthy,27240164,Afterglow-studio,https://dribbble.com/shots/26430244-Triply-travel-mobile-app
new_noteworthy,27240164,oneweekwonders,https://dribbble.com/shots/25105219-StayScape-Travel-Hotel-Booking-Platform-Landing-Page-Website
new_noteworthy,27240164,ronasit,https://dribbble.com/shots/27201135-Travel-Itinerary-Planner-Mobile-App-Design
new_noteworthy,27240164,emoteagency,https://dribbble.com/shots/27042007-Hotel-app
new_noteworthy,27240164,korsaagency,https://dribbble.com/shots/26591386-Aviatour-Modern-Travel-Booking-Website
new_noteworthy,27238018,oneweekwonders,https://dribbble.com/shots/25995753-Novure-Fashion-Online-Store-e-Commerce-Landing-Page-Animation
new_noteworthy,27238018,Nixtio,https://dribbble.com/shots/27020833-Furniture-E-commerce-Mobile-App
new_noteworthy,27238018,shakuro,https://dribbble.com/shots/26825139-Ecommerce-Website-Design-for-Skincare-Brand
new_noteworthy,27238018,blacklead-studio,https://dribbble.com/shots/26186468-OVVA-Website
new_noteworthy,27238018,ronasit,https://dribbble.com/shots/27084104-E-commerce-Mobile-App-Design
new_noteworthy,27238018,ofspaceuxui,https://dribbble.com/shots/24866530-E-commerce-Website-2024
new_noteworthy,27242001,studioMUTI,https://dribbble.com/shots/26772568-Art-of-Making-a-Difference
new_noteworthy,27242001,designbyangie,https://dribbble.com/shots/25501105--Nature-Morte-Promotional-piece
new_noteworthy,27242001,mickchampayne,https://dribbble.com/shots/26861143-I-ll-pet-you-my-kitty-and-your-little-ball-of-yarn-too
new_noteworthy,27242001,damianthebear,https://dribbble.com/shots/27026184-From-Mom-Empanadas-Pt-1
new_noteworthy,27242001,Folio,https://dribbble.com/shots/25078152-The-Stubborn-Light-of-Things
new_noteworthy,27242001,catalystvibes,https://dribbble.com/shots/25983586-I-didn-t-steal-the-fish-I-was-guarding-it
new_noteworthy,27239379,Nixtio,https://dribbble.com/shots/26808268-Mobile-App-Design-ECG-Heart-Rate-Monitoring-UI
new_noteworthy,27239379,Afterglow-studio,https://dribbble.com/shots/26544948-Wellio-Fitness-tracking-app
new_noteworthy,27239379,phenomenonstudio,https://dribbble.com/shots/27201379-Nutrition-App-UI-DailyMe
new_noteworthy,27239379,Tubik,https://dribbble.com/shots/26864648-Medical-App-for-Cardiovascular-Data-Tracking
new_noteworthy,27239379,georai,https://dribbble.com/shots/25901629-Sleep-Quality-Health-Dashboard
new_noteworthy,27239379,shakuro,https://dribbble.com/shots/25554152-Healthcare-Dashboard-for-Clinic-Management-Patient-Management
new_noteworthy,27180740,Afterglow-studio,https://dribbble.com/shots/25972745-Pitch-deck-for-Growify-an-AI-powered-advertising-platform
new_noteworthy,27180740,dindrad,https://dribbble.com/shots/25474286-Social-media-agency-Deck-Exploration
new_noteworthy,27180740,emoteagency,https://dribbble.com/shots/26668794-Caplon-landing-page
new_noteworthy,27180740,outcrowd,https://dribbble.com/shots/26474506-Pitch-Deck-for-a-Next-Generation-Fintech-Platform
new_noteworthy,27180740,georai,https://dribbble.com/shots/25849429-Dashboard-Design-Overview-Analysis
new_noteworthy,27180740,dipainhouse,https://dribbble.com/shots/25488924-Orive-Pitch-Deck
new_noteworthy,27238925,Nixtio,https://dribbble.com/shots/26172693-AI-Mobile-App-Onboarding-Screens
new_noteworthy,27238925,ronasit,https://dribbble.com/shots/27154767-Fintech-Investment-Tracker-Mobile-App-Design
new_noteworthy,27238925,emoteagency,https://dribbble.com/shots/26599354-Spark-responsive-dashboard
new_noteworthy,27238925,Afterglow-studio,https://dribbble.com/shots/26219895-Volio-Crypto-Banking-website
new_noteworthy,27238925,Tubik,https://dribbble.com/shots/27176796-Payment-Widget-Flow-Finance-Dashboard-UI
new_noteworthy,27238925,ramotion,https://dribbble.com/shots/26222009-Fintech-Web-App-Analytics-Dashboard-Design-for-Borea-AI
new_noteworthy,27241560,Nixtio,https://dribbble.com/shots/26911874-Mindfulness-Mobile-App-Design
new_noteworthy,27241560,blacklead-studio,https://dribbble.com/shots/26105720-Floya-Mobile-App
new_noteworthy,27241560,Afterglow-studio,https://dribbble.com/shots/26112916-Mobile-App-for-Meditation
new_noteworthy,27241560,phenomenonstudio,https://dribbble.com/shots/27201379-Nutrition-App-UI-DailyMe
new_noteworthy,27241560,halolab,https://dribbble.com/shots/25640481-Mobile-App-for-a-Wellbeing-Product-Routine-Hero
new_noteworthy,27241560,batowebagency,https://dribbble.com/shots/27020295-Mindful-Yoga-Meditation-App
new_noteworthy,27241788,shakuro,https://dribbble.com/shots/24596768-EarthEye-Agriculture-Dashboard-Design
new_noteworthy,27241788,taqwahagency,https://dribbble.com/shots/26799227-AI-Farm-Agriculture-Website-Landing-Page-Design-by-Taqwah
new_noteworthy,27241788,Fireart-d,https://dribbble.com/shots/25732647-Agriculture-Landing-Page
new_noteworthy,27241788,valmax,https://dribbble.com/shots/26099426-Flora-Task-Tracker-App-for-Smart-Farming
new_noteworthy,27241788,ethnfndr,https://dribbble.com/shots/23687354-Lewis-Hybrids-logo-concept-for-sale
new_noteworthy,27241788,OnPoint_Std,https://dribbble.com/shots/26732360-Agriculture-Landing-Page
new_noteworthy,27239598,Nixtio,https://dribbble.com/shots/26081670-Dashboard-UI-Design-AI-Assistant
new_noteworthy,27239598,shakuro,https://dribbble.com/shots/26299029-Prime-Chat-AI-Mobile-Assistant-UI-UX-Design-for-Task-Automation
new_noteworthy,27239598,ofspaceuxui,https://dribbble.com/shots/25505825-Codesk-Project-Management-CRM-Platform
new_noteworthy,27239598,halolab,https://dribbble.com/shots/26359529-Dashboard-for-a-Productivity-SaaS-Taskly
new_noteworthy,27239598,agilie,https://dribbble.com/shots/26158016-Smart-Home-App
new_noteworthy,27239598,georai,https://dribbble.com/shots/26244250-A-Fresh-Perspective-on-Data-Processing-with-Hyperfarb
new_noteworthy,27241755,ramotion,https://dribbble.com/shots/26300694-Venom-Button-UI-UX-Design-Exploration-for-Web-Services
new_noteworthy,27241755,Tubik,https://dribbble.com/shots/26282108-Case-Study-WCID-Website-Design
new_noteworthy,27241755,Nixtio,https://dribbble.com/shots/26011341-Mobile-App-UI-Art-Showcase-Motion
new_noteworthy,27241755,Victawille,https://dribbble.com/shots/25661680-heexo-webdesign
new_noteworthy,27241755,Afterglow-studio,https://dribbble.com/shots/26125129-Landing-Page-for-for-Meditation-Mobile-App
new_noteworthy,27241755,emoteagency,https://dribbble.com/shots/25757294-Blockio-landing-page-interaction
new_noteworthy,27238985,manuel-corsi-manu,https://dribbble.com/shots/27050153-Magic-Duckling
new_noteworthy,27238985,Type08,https://dribbble.com/shots/27116805-Matel-Family-Birds-Logo-Set
new_noteworthy,27238985,vaneltia,https://dribbble.com/shots/25947610-Fat-Cat-Movie-Night
new_noteworthy,27238985,teamheyo,https://dribbble.com/shots/26745666-Mr-and-Mrs-Spud
new_noteworthy,27238985,Greg_Grigoriou,https://dribbble.com/shots/27146477-Dino-State-Golf-Illustration
new_noteworthy,27238985,designbyangie,https://dribbble.com/shots/26229763-The-Picture-of-Dorian-Gray-Mockup-Book-Cover
new_noteworthy,27239183,Nixtio,https://dribbble.com/shots/26891615-Mobile-Banking-App-Design
new_noteworthy,27239183,emoteagency,https://dribbble.com/shots/26557529-GrePay-wallet-app
new_noteworthy,27239183,Afterglow-studio,https://dribbble.com/shots/25936018-Fundly-Branding-Fintech-company
new_noteworthy,27239183,rholesinsky,https://dribbble.com/shots/26063214-Credit-payment-card-bank-app-animation
new_noteworthy,27239183,ronasit,https://dribbble.com/shots/27035838-Expense-Tracker-Fintech-MVP-Mobile-App-Design
new_noteworthy,27239183,shakuro,https://dribbble.com/shots/25468537-Crypto-Finance-App-UI-UX-Design
new_noteworthy,27239380,johntrivelli,https://dribbble.com/shots/24233435-Pixel-Art-Self-Portraits
new_noteworthy,27239380,RomainCourtois,https://dribbble.com/shots/26083347-GTA-6-Retro-Style
new_noteworthy,27239380,Julia_Grishko,https://dribbble.com/shots/26242160-Poppies-Pixel-Art-Illustration
new_noteworthy,27239380,elstitch,https://dribbble.com/shots/23191053-
new_noteworthy,27239380,designbyangie,https://dribbble.com/shots/26229763-The-Picture-of-Dorian-Gray-Mockup-Book-Cover
new_noteworthy,27239380,riotters,https://dribbble.com/shots/27060806-Retro-Music-Player
new_noteworthy,27239714,phenomenonstudio,https://dribbble.com/shots/27201379-Nutrition-App-UI-DailyMe
new_noteworthy,27239714,Afterglow-studio,https://dribbble.com/shots/26498127-Wellio-Fitness-tracking-app
new_noteworthy,27239714,emoteagency,https://dribbble.com/shots/25674639-Fitme-home-landing-page
new_noteworthy,27239714,Nixtio,https://dribbble.com/shots/26808268-Mobile-App-Design-ECG-Heart-Rate-Monitoring-UI
new_noteworthy,27239714,oneweekwonders,https://dribbble.com/shots/26708776-Sensia-Personal-AI-Fitness-Tracker-Landing-Page-Website
new_noteworthy,27239714,ofspaceuxui,https://dribbble.com/shots/26783848-Fitness-Tracker-App-Design-for-Health-Insights
new_noteworthy,27242394,studioMUTI,https://dribbble.com/shots/27069310-A-little-bit-folk-a-little-bit-fancy
new_noteworthy,27242394,yetiglesias,https://dribbble.com/shots/25828437-Unsplash-Easter-pattern-illustration
new_noteworthy,27242394,cpuentes23,https://dribbble.com/shots/26524844-Always-fresh-always-cute
new_noteworthy,27242394,EightHourDay,https://dribbble.com/shots/26897932-IKEA-Holiday-Collection
new_noteworthy,27242394,abdallahmarcos,https://dribbble.com/shots/25659882-Shooting-Ladybug-Make-a-wish-Nagare-Mushi
new_noteworthy,27242394,vaneltia,https://dribbble.com/shots/26817699-Thanksgiving-Turkey
new_noteworthy,27216488,shakuro,https://dribbble.com/shots/25881029-Landing-Page-Design-for-DeepSeek-AI-Company
new_noteworthy,27216488,rhdesign1,https://dribbble.com/shots/26604861-AI-assistant-motion-mobile-visual
new_noteworthy,27216488,Nixtio,https://dribbble.com/shots/25305393-AI-Assistant-Mobile-App
new_noteworthy,27216488,lepisovbranding,https://dribbble.com/shots/25759736-Chief-Logo-Design-Process
new_noteworthy,27216488,oneweekwonders,https://dribbble.com/shots/26219027-CreaMate-ai-AI-Video-Generator-Landing-Page-Animation
new_noteworthy,27216488,joshwarren,https://dribbble.com/shots/25987123-AI-Security
new_noteworthy,27237292,Nixtio,https://dribbble.com/shots/25683483-Dashboard-UI
new_noteworthy,27237292,emoteagency,https://dribbble.com/shots/26491561-Chartmogul-redesign-saas-dashboard
new_noteworthy,27237292,ronasit,https://dribbble.com/shots/26916687-E-commerce-Dashboard-Web-App
new_noteworthy,27237292,Tubik,https://dribbble.com/shots/26787072-AI-Powered-Mobile-App-for-Restaurant-Operations
new_noteworthy,27237292,rhdesign1,https://dribbble.com/shots/27021117-SaaS-Analytics-Admin-Dashboard-Management
new_noteworthy,27237292,ramotion,https://dribbble.com/shots/26446383-Data-Visualization-Dashboard-Design
new_noteworthy,27237461,damianthebear,https://dribbble.com/shots/27022761-Starter-Pack-2025
new_noteworthy,27237461,Nixtio,https://dribbble.com/shots/26749963-Creative-3D-Workspace-iPad-Design-Tool
new_noteworthy,27237461,studioMUTI,https://dribbble.com/shots/26634456-Closing-the-educational-gap
new_noteworthy,27237461,tubik_arts,https://dribbble.com/shots/25881707-Work-Rest-Balance-Illustration
new_noteworthy,27237461,UI8,https://dribbble.com/shots/26150699-Real-time-3D-AI-Design-Canvas
new_noteworthy,27237461,Bulma-illustrates,https://dribbble.com/shots/26867657-Working-online-illustration
new_noteworthy,27166131,ramotion,https://dribbble.com/shots/26656460-Enterprise-UI-UX-Design-for-Quantexa
new_noteworthy,27166131,Nixtio,https://dribbble.com/shots/26678790-Smart-Home-Control-Dashboard-3D-Interface
new_noteworthy,27166131,ofspaceuxui,https://dribbble.com/shots/24773129-Verve-Real-Estate-Platform-Webapp
new_noteworthy,27166131,plat4m,https://dribbble.com/shots/26865005-FlowNest-Productivity-UI
new_noteworthy,27166131,budiartidesign,https://dribbble.com/shots/25916462-AI-Assistant-App
new_noteworthy,27166131,oneweekwonders,https://dribbble.com/shots/26572697-MoonRow-Modern-Automation-Website
new_noteworthy,27225874,Tubik,https://dribbble.com/shots/26847301-Website-Main-Scroll-for-a-Digital-Agency
new_noteworthy,27225874,Victawille,https://dribbble.com/shots/25661680-heexo-webdesign
new_noteworthy,27225874,ronasit,https://dribbble.com/shots/25536003-Travel-App-Landing-Page
new_noteworthy,27225874,ramotion,https://dribbble.com/shots/26723980-Startup-Web-Design-for-Borea-AI
new_noteworthy,27225874,Nixtio,https://dribbble.com/shots/25618155-Landing-Page-Marketing-Agency
new_noteworthy,27225874,Afterglow-studio,https://dribbble.com/shots/26765087-Website-for-Adspace-Marketing-Agency
new_noteworthy,27237495,Nixtio,https://dribbble.com/shots/27013072-Smart-Home-Mobile-App-UI
new_noteworthy,27237495,halolab,https://dribbble.com/shots/26900486-Dashboard-for-a-IoT-Product-Aerix
new_noteworthy,27237495,agilie,https://dribbble.com/shots/26158016-Smart-Home-App
new_noteworthy,27237495,purrwebui,https://dribbble.com/shots/26080837-Smart-Home-Management-App-Design-Concept
new_noteworthy,27237495,ronasit,https://dribbble.com/shots/26270067-Smart-Home-Mobile-App-UI-Design
new_noteworthy,27237495,illiyinstudio,https://dribbble.com/shots/26646995-MiHome-Smart-Home-Mobile-App-Homepage
new_noteworthy,27238496,joshwarren,https://dribbble.com/shots/25632132-Enso-Homes-Logomark
new_noteworthy,27238496,Greg_Grigoriou,https://dribbble.com/shots/27220182-Farmhouse-Style-Branding-Active-Living-Community
new_noteworthy,27238496,danlehman,https://dribbble.com/shots/26415014-Walpole-Barn-Brand-Identity
new_noteworthy,27238496,krestovskaya,https://dribbble.com/shots/25443109-In-the-village
new_noteworthy,27238496,studioMUTI,https://dribbble.com/shots/26781993-An-Infusion-of-Wildwood
new_noteworthy,27238496,kemal,https://dribbble.com/shots/24950610-House
new_noteworthy,27237437,ronasit,https://dribbble.com/shots/26384924-Podcast-Streaming-Web-App-UI
new_noteworthy,27237437,GeexArts,https://dribbble.com/shots/25342050-Podcasts
new_noteworthy,27237437,coreyliyi,https://dribbble.com/shots/26326672-AI-Movie-Maker-App
new_noteworthy,27237437,purrwebui,https://dribbble.com/shots/26090449-Content-Subscription-App-Design-Concept
new_noteworthy,27237437,cadabra,https://dribbble.com/shots/27004819-Podcast-App-Audio-Streaming-Platform
new_noteworthy,27237437,ErikPadamans,https://dribbble.com/shots/26554251-Hyper-Desktop-Vtube-App-Streaming-UI
new_noteworthy,27242693,Nixtio,https://dribbble.com/shots/26833425-Food-Scanner-Mobile-App-UI-Design
new_noteworthy,27242693,purrwebui,https://dribbble.com/shots/25458479-Calorie-Tracker-Mobile-iOS-App
new_noteworthy,27242693,phenomenonstudio,https://dribbble.com/shots/27201379-Nutrition-App-UI-DailyMe
new_noteworthy,27242693,ronasit,https://dribbble.com/shots/25606751-Habit-Tracker-App
new_noteworthy,27242693,batowebagency,https://dribbble.com/shots/26342762-AI-Calorie-Tracker-Mobile-App-Concept
new_noteworthy,27242693,ionuss,https://dribbble.com/shots/26676704-Growth-tracker-UI
new_noteworthy,27235407,Nixtio,https://dribbble.com/shots/26900032-Automation-Mobile-App-Design
new_noteworthy,27235407,Tubik,https://dribbble.com/shots/26787072-AI-Powered-Mobile-App-for-Restaurant-Operations
new_noteworthy,27235407,emoteagency,https://dribbble.com/shots/26408113-Chartmogul-CRM-platform-redesign
new_noteworthy,27235407,rhdesign1,https://dribbble.com/shots/27021117-SaaS-Analytics-Admin-Dashboard-Management
new_noteworthy,27235407,ramotion,https://dribbble.com/shots/26222009-Fintech-Web-App-Analytics-Dashboard-Design-for-Borea-AI
new_noteworthy,27235407,Afterglow-studio,https://dribbble.com/shots/26867220-OnlyTool-Branding-for-AI-Driven-Platform
new_noteworthy,27241033,emoteagency,https://dribbble.com/shots/26155076-Axlor-DeFi-token-responsive
new_noteworthy,27241033,joshwarren,https://dribbble.com/shots/26253419-Today-Finance-Branding-Art-Direction
new_noteworthy,27241033,Afterglow-studio,https://dribbble.com/shots/26238355-Branding-for-Volio-Crypto-Banking-Mobile-App
new_noteworthy,27241033,Nixtio,https://dribbble.com/shots/26686367-Next-Gen-Finance-App-Biometric-Wallet-Design
new_noteworthy,27241033,lepisovbranding,https://dribbble.com/shots/25640702-E-Chart-Logo-Animation
new_noteworthy,27241033,teamheyo,https://dribbble.com/shots/26662947-Wallet-App-Icon
new_noteworthy,27236041,Nixtio,https://dribbble.com/shots/27020833-Furniture-E-commerce-Mobile-App
new_noteworthy,27236041,ronasit,https://dribbble.com/shots/26740663-Fashion-E-commerce-App-Onboarding
new_noteworthy,27236041,MattNagy,https://dribbble.com/shots/26003364-Somble-App
new_noteworthy,27236041,oneweekwonders,https://dribbble.com/shots/25995753-Novure-Fashion-Online-Store-e-Commerce-Landing-Page-Animation
new_noteworthy,27236041,ErikPadamans,https://dribbble.com/shots/25463917-Lava-Lamps-Ecommerce-Mobile-App-UI-UX-Design
new_noteworthy,27236041,ofspaceuxui,https://dribbble.com/shots/24866530-E-commerce-Website-2024
new_noteworthy,27235336,Nixtio,https://dribbble.com/shots/26700967-Social-Dares-Mobile-App-UI
new_noteworthy,27235336,GeexArts,https://dribbble.com/shots/27195636-Social-Posts
new_noteworthy,27235336,emoteagency,https://dribbble.com/shots/26996856-News-Reader-Mobile-App
new_noteworthy,27235336,ronasit,https://dribbble.com/shots/26181216-Social-Media-Communication-Mobile-App-Design-Concept
new_noteworthy,27235336,Tubik,https://dribbble.com/shots/26516092-Case-Study-Creative-Inspiration-Moodboard-App
new_noteworthy,27235336,UI8,https://dribbble.com/shots/25618079-Simple-Social-Mobile-Settings
new_noteworthy,27235846,blacklead-studio,https://dribbble.com/shots/26017012-DropX-Website
new_noteworthy,27235846,Nixtio,https://dribbble.com/shots/27096342-AI-SaaS-Landing-Page-Design
new_noteworthy,27235846,halolab,https://dribbble.com/shots/26763348-Platform-for-a-Healthcare-SaaS-Revivo
new_noteworthy,27235846,emoteagency,https://dribbble.com/shots/26491561-Chartmogul-redesign-saas-dashboard
new_noteworthy,27235846,ramotion,https://dribbble.com/shots/26414267-B2B-SaaS-Landing-Page-Design-for-HackerRank
new_noteworthy,27235846,rholesinsky,https://dribbble.com/shots/26865537-Mobile-responsive-landing-page-website-animation
new_noteworthy,27234671,Nixtio,https://dribbble.com/shots/25305345-Emotion-Tracker-Mobile-App
new_noteworthy,27234671,budiartidesign,https://dribbble.com/shots/26508689-Journal-Mobile-App
new_noteworthy,27234671,blacklead-studio,https://dribbble.com/shots/26105720-Floya-Mobile-App
new_noteworthy,27234671,batowebagency,https://dribbble.com/shots/26858394-Mental-Health-App
new_noteworthy,27234671,Afterglow-studio,https://dribbble.com/shots/26112916-Mobile-App-for-Meditation
new_noteworthy,27234671,Kris_anfalova,https://dribbble.com/shots/26640334-Meditation-Mobile-App-Mindfulness-Mood-Tracker
new_noteworthy,25995199,Nixtio,https://dribbble.com/shots/25825573-Crypto-Trading-Platform
new_noteworthy,25995199,shakuro,https://dribbble.com/shots/25698933-Crypto-Wallet-Landing-Page-Design
new_noteworthy,25995199,rholesinsky,https://dribbble.com/shots/26683219-Hero-illustration-for-global-payments-startup
new_noteworthy,25995199,emoteagency,https://dribbble.com/shots/27041962-Crypto-wallet
new_noteworthy,25995199,lepisovbranding,https://dribbble.com/shots/26959673-C-Coin-Box-Logo-Concept
new_noteworthy,25995199,Afterglow-studio,https://dribbble.com/shots/25911576-Finance-Platform-website-design
new_noteworthy,27235874,Nixtio,https://dribbble.com/shots/24632930-Pharmacy-Mobile-App
new_noteworthy,27235874,shakuro,https://dribbble.com/shots/24258694-Doctor-s-Dashboard-Design-Concept
new_noteworthy,27235874,tino-design,https://dribbble.com/shots/26230863-Healthcare-app-design
new_noteworthy,27235874,fulcrum_design,https://dribbble.com/shots/25946931-Pharmacy-Mobile-App-Design
new_noteworthy,27235874,rholesinsky,https://dribbble.com/shots/26626829-Healthcare-dashboard-for-managing-patients
new_noteworthy,27235874,ronasit,https://dribbble.com/shots/26767538-Telemedicine-Health-Records-Mobile-App
